min_vh,min_vv,max_vh,max_vv,range_vh,range_vv,mean_vh,mean_vv,std_vh,std_vv,ratio_vv_vh,rvi,District,"Rice Crop Intensity(D=Double, T=Triple)",Field size (ha),"Season(SA = Summer Autumn, WS = Winter Spring)"
0.002697636,0.017407591,0.051663384,0.357295603,0.048965748,0.339888012,0.021944099,0.111277153,0.01572801,0.100055066,5.070937404,0.267409209,Chau_Phu,T,3.4,SA
0.016737303,0.05383496,0.072511733,0.294100106,0.05577443,0.240265146,0.038231864,0.166436365,0.016316144,0.084026254,4.353341596,0.322940532,Chau_Phu,T,2.43,SA
0.008218871,0.016935926,0.114185527,0.627878428,0.105966656,0.610942502,0.036389936,0.214448139,0.031505988,0.203848422,5.893061711,0.221025174,Chau_Phu,D,1.95,SA
0.001772377,0.023625052,0.082565464,0.335494399,0.080793087,0.311869347,0.025339083,0.116674924,0.019784368,0.092223971,4.604544134,0.301473783,Chau_Phu,T,4.3,SA
0.007482438,0.053389989,0.098161392,0.859671295,0.090678954,0.806281306,0.033237614,0.169892349,0.028797005,0.187796075,5.111448388,0.264754755,Chau_Phu,D,3.3,SA
0.001753758,0.030193372,0.07069435,0.444997996,0.068940592,0.414804624,0.03065064,0.125753129,0.017730177,0.110785149,4.102789704,0.34701519,Chau_Phu,T,3.5,SA
0.003887132,0.017352566,0.06806808,0.407421231,0.064180947,0.390068665,0.021119785,0.090048015,0.01730381,0.101180283,4.263680419,0.331226992,Chau_Phu,T,2,SA
0.002490171,0.016832836,0.084875673,0.318613321,0.082385502,0.301780485,0.023554697,0.105453475,0.020581102,0.09774105,4.476961751,0.312068856,Chau_Phu,T,4,SA
0.003083153,0.009551706,0.105417162,1.287698746,0.102334009,1.27814704,0.029299702,0.173873695,0.027643045,0.329583016,5.934316163,0.219055687,Chau_Phu,T,3,SA
0.004208012,0.012128407,0.092701539,0.293666184,0.088493528,0.281537777,0.028076224,0.091813395,0.024748726,0.089961537,3.270147541,0.453310387,Chau_Phu,T,5,SA
0.002514901,0.016607082,0.087025225,0.554487765,0.084510324,0.537880683,0.026863157,0.16030557,0.023116264,0.136285179,5.96748803,0.217493181,Chau_Phu,T,4,SA
0.001641914,0.019575216,0.057087075,0.425798625,0.055445161,0.406223409,0.022488048,0.131577006,0.013414635,0.109624576,5.850974837,0.223065,Chau_Phu,T,3.5,SA
0.004241921,0.021452492,0.05962456,0.40021494,0.05538264,0.378762448,0.020344677,0.113644175,0.013704927,0.103852352,5.585941486,0.236664539,Chau_Phu,T,2.03,SA
0.00409089,0.008962677,0.031259142,0.549437523,0.027168252,0.540474846,0.014981243,0.099670229,0.008383746,0.14680554,6.653001432,0.188934948,Chau_Phu,T,2.8,SA
0.003478014,0.013768388,0.071925327,0.323183209,0.068447314,0.309414821,0.026732823,0.125927282,0.01895561,0.094670886,4.71058672,0.293115574,Chau_Phu,T,2,SA
0.003261868,0.007422847,0.060652796,0.276584029,0.057390929,0.269161182,0.029879053,0.093421467,0.019842662,0.087885844,3.12665426,0.47715872,Chau_Phu,T,3,SA
0.002589065,0.014497213,0.069209017,0.465209931,0.066619952,0.450712718,0.026223624,0.121857002,0.019370711,0.109330641,4.646840568,0.298092948,Chau_Phu,D,4,SA
0.003601681,0.018534783,0.039971679,0.515623927,0.036369999,0.497089144,0.023500466,0.151449711,0.011463091,0.126652422,6.444540724,0.19692603,Chau_Phu,T,2.5,SA
0.005914245,0.026022548,0.080812931,0.373200625,0.074898686,0.347178077,0.036958264,0.158896937,0.020759749,0.108821109,4.299361505,0.327887357,Chau_Phu,D,2.25,SA
0.002965804,0.021683784,0.044985052,0.371589124,0.042019248,0.34990534,0.020535814,0.138224964,0.01265347,0.095174367,6.73092212,0.186085719,Chau_Phu,D,4.9,SA
0.016782884,0.034372658,0.133853301,0.27303499,0.117070418,0.238662332,0.038131124,0.150796814,0.030609744,0.085142754,3.95469106,0.362689616,Chau_Phu,D,2,SA
0.00486216,0.037386164,0.070237994,0.438814282,0.065375834,0.401428118,0.023648741,0.179693277,0.018254035,0.127106737,7.598428957,0.158646805,Chau_Phu,D,3,SA
0.008146687,0.035122704,0.063252218,0.381131232,0.055105531,0.346008528,0.027983695,0.125852272,0.015795478,0.102125079,4.497342905,0.310334994,Chau_Phu,T,2,SA
0.014837623,0.020774288,0.069319166,0.561495781,0.054481544,0.540721493,0.038951859,0.217404226,0.016963577,0.153148768,5.581356882,0.236911874,Chau_Phu,T,1.7,SA
0.006214098,0.051570494,0.066791631,0.598455727,0.060577533,0.546885233,0.026102108,0.157415963,0.018759682,0.160022265,6.030775783,0.214563141,Chau_Phu,T,1.2,SA
0.002907471,0.012766973,0.049222112,0.325145245,0.04631464,0.312378271,0.025212688,0.115861753,0.016210559,0.094476277,4.595374789,0.302215141,Chau_Phu,T,2.1,SA
0.003632339,0.0168656,0.079259716,0.399110407,0.075627377,0.382244807,0.030001501,0.130795102,0.018833044,0.128618795,4.359618601,0.322373373,Chau_Phu,T,3,SA
0.005279826,0.026100393,0.065217286,0.530478597,0.05993746,0.504378203,0.029873556,0.181947342,0.017310877,0.177848827,6.090581903,0.211854247,Chau_Phu,T,3.2,SA
0.002702135,0.016395418,0.104648091,0.415155411,0.101945956,0.398759993,0.02375751,0.135769189,0.023253054,0.107887634,5.714790412,0.229885352,Chau_Phu,D,1.75,SA
0.002312603,0.008397454,0.124559529,0.299691051,0.122246926,0.291293597,0.031846149,0.123859777,0.032430741,0.095217402,3.889317232,0.369988024,Chau_Phu,D,3,SA
0.009575313,0.01970445,0.129597172,0.535187364,0.120021859,0.515482914,0.051629897,0.217017239,0.033194204,0.13479249,4.203325033,0.337006718,Chau_Phu,T,4,SA
0.004888848,0.028753944,0.210657761,0.517229438,0.205768912,0.488475494,0.037593204,0.18631107,0.048830211,0.141751727,4.955977347,0.275188598,Chau_Phu,T,2.5,SA
0.009384466,0.025654515,0.118853517,0.488146842,0.109469051,0.462492326,0.031991311,0.203157478,0.024498096,0.154165631,6.350395582,0.200721513,Chau_Phu,T,5,SA
0.00564336,0.024034441,0.068663418,0.418372303,0.063020058,0.394337863,0.029881451,0.187058641,0.018165097,0.113673017,6.260025448,0.204480914,Chau_Phu,T,2,SA
0.009064411,0.01070678,0.043414786,0.263029069,0.034350376,0.252322288,0.020889904,0.102629679,0.012083918,0.062890328,4.912884128,0.278202443,Chau_Phu,T,1.91,SA
0.002900186,0.01287498,0.111209966,0.498766094,0.10830978,0.485891114,0.037034348,0.194811071,0.025335375,0.150058976,5.26028088,0.255369639,Chau_Phu,D,2.5,SA
0.005049238,0.02060141,0.070001155,0.438888788,0.064951917,0.418287378,0.028560334,0.146392745,0.018282629,0.132787732,5.125736427,0.263829,Chau_Phu,D,2,SA
0.002216221,0.018186502,0.066130437,0.689725816,0.063914216,0.671539314,0.029252951,0.17146501,0.020098011,0.181286904,5.861460353,0.222553872,Chau_Phu,D,2.3,SA
0.011619621,0.044305474,0.101536073,0.551559865,0.089916452,0.507254392,0.052349342,0.241435519,0.027362195,0.130937669,4.612006761,0.300872651,Chau_Phu,D,3,SA
0.005346346,0.019984199,0.055867348,0.261617154,0.050521002,0.241632955,0.024566963,0.117454386,0.014717954,0.080107919,4.78098933,0.287777437,Chau_Phu,D,2.2,SA
0.002081246,0.032931924,0.173577011,0.577067256,0.171495765,0.544135332,0.03171279,0.126328545,0.037930787,0.141886469,3.983520359,0.359546972,Chau_Phu,D,2.3,SA
0.003238368,0.015481093,0.069572873,0.960558176,0.066334505,0.945077083,0.024817874,0.164518893,0.016893099,0.221945775,6.629048678,0.189825439,Chau_Phu,D,3.34,SA
0.003590862,0.02988237,0.055010304,0.509057164,0.051419441,0.479174795,0.022897088,0.126609602,0.015378304,0.118843073,5.529506799,0.239739405,Chau_Phu,T,1.65,SA
0.018418988,0.067167304,0.086210795,0.421231449,0.067791807,0.354064144,0.038437521,0.185224904,0.018412937,0.106172525,4.818856672,0.28497286,Chau_Phu,T,4,SA
0.003899461,0.028343437,0.062665001,0.439233065,0.058765539,0.410889627,0.024221465,0.132401547,0.014871403,0.102410882,5.466289714,0.243263669,Chau_Phu,D,3,SA
0.007348945,0.027239006,0.075555839,0.791644335,0.068206894,0.764405329,0.033653635,0.209424946,0.018529552,0.23655437,6.222951631,0.206057265,Chau_Phu,T,2,SA
0.004084214,0.025009522,0.065860562,0.346643627,0.061776348,0.321634104,0.024253283,0.145294963,0.015164741,0.084896769,5.990733776,0.216409263,Chau_Phu,T,1.3,SA
0.003291348,0.022101834,0.052649092,0.301833689,0.049357743,0.279731855,0.023481244,0.087624162,0.014061092,0.068828261,3.731666051,0.388632273,Chau_Phu,T,1.45,SA
0.004683658,0.022619298,0.054643583,0.29028511,0.049959925,0.267665813,0.023031707,0.101059329,0.014148848,0.070821248,4.387834889,0.319844269,Chau_Phu,T,1.6,SA
0.008441305,0.064494275,0.072615921,0.255024552,0.064174617,0.190530278,0.035896806,0.143766726,0.015641705,0.0511158,4.005000532,0.357234833,Chau_Phu,T,2,SA
0.003403958,0.030081309,0.072636865,0.624148786,0.069232907,0.594067477,0.030404003,0.189888263,0.017651352,0.165593439,6.245502095,0.205096034,Chau_Phu,T,1.8,SA
0.00320195,0.012519246,0.050121814,0.553260386,0.046919864,0.54074114,0.02162102,0.108935652,0.014014081,0.134520912,5.038414144,0.269572538,Chau_Phu,T,5,SA
0.006153198,0.026296614,0.041337438,0.425069451,0.03518424,0.398772838,0.02302504,0.130320202,0.010935825,0.113389931,5.65993388,0.232731471,Chau_Phu,T,5,SA
0.00439024,0.014159615,0.056872133,0.362123579,0.052481893,0.347963964,0.020597364,0.101587681,0.013161686,0.095659471,4.932071863,0.276853734,Chau_Phu,T,3.6,SA
0.003960205,0.031272415,0.076122358,0.329662353,0.072162154,0.298389938,0.025925041,0.123481298,0.019210598,0.090486455,4.76301268,0.289124989,Chau_Phu,T,2.3,SA
0.004564423,0.018790156,0.165465564,0.459837019,0.16090114,0.441046864,0.036300186,0.166885622,0.036518501,0.14927499,4.597376467,0.302053043,Chau_Phu,T,2,SA
0.005968424,0.03253819,0.058150295,0.359655917,0.052181871,0.327117726,0.025056311,0.152330655,0.014703051,0.114166329,6.079532489,0.212350419,Chau_Phu,T,2,SA
0.004898028,0.02932125,0.043912672,0.32801035,0.039014644,0.298689101,0.022967141,0.111986485,0.012239454,0.091057203,4.875943751,0.28083003,Chau_Phu,T,1.95,SA
0.002167396,0.010040181,0.048470542,0.320555925,0.046303146,0.310515745,0.019478919,0.121445233,0.012280963,0.091852433,6.234700863,0.20555551,Chau_Phu,T,1.4,SA
0.002969702,0.018057119,0.060692918,0.333054006,0.057723215,0.314996887,0.027345879,0.110135053,0.019825717,0.079588596,4.027482646,0.354841267,Chau_Phu,T,2.6,SA
0.005945037,0.044140242,0.062370259,0.41663146,0.056425223,0.372491218,0.030978468,0.130639615,0.016993442,0.086870537,4.217110196,0.335671892,Chau_Phu,T,2,SA
0.00236532,0.006867683,0.11234957,0.331621945,0.10998425,0.324754261,0.032865224,0.127378863,0.026542995,0.097866395,3.87579478,0.371528269,Chau_Phu,T,1.65,SA
0.003236823,0.019310962,0.076540478,0.264535189,0.073303654,0.245224226,0.033112273,0.119108376,0.021738222,0.073856534,3.597106605,0.405819703,Chau_Phu,T,2.56,SA
0.002587874,0.004622715,0.038978033,0.288715154,0.036390159,0.284092439,0.020793824,0.094071324,0.010977268,0.07517628,4.524003111,0.308091076,Chau_Phu,T,1.5,SA
0.014266778,0.025284739,0.07740806,0.341260999,0.063141283,0.31597626,0.027830376,0.110019946,0.014996008,0.080461797,3.953232528,0.362849824,Chau_Phu,D,1.74,SA
0.003175112,0.010150477,0.049627498,0.562323868,0.046452386,0.552173391,0.019466664,0.141936384,0.015301208,0.18045455,7.291253726,0.16754431,Chau_Phu,T,1.7,SA
0.005423787,0.020138541,0.042756241,0.770081341,0.037332454,0.7499428,0.021301873,0.144808617,0.01135448,0.211163272,6.79792896,0.183692354,Chau_Phu,T,1.7,SA
0.004730186,0.009599966,0.052315447,0.473536551,0.047585261,0.463936585,0.025781516,0.124370891,0.014957162,0.117516476,4.824033318,0.284593001,Chau_Phu,T,3.6,SA
0.00413955,0.034577105,0.061023679,0.364967346,0.056884129,0.330390241,0.027157687,0.104106192,0.01245054,0.088177341,3.833396818,0.376427474,Chau_Phu,T,2.7,SA
0.016950736,0.050071444,0.080857351,0.458220601,0.063906616,0.408149157,0.043125507,0.199682034,0.020035475,0.09597487,4.630253574,0.299411212,Chau_Phu,T,1.8,SA
0.009154684,0.04328144,0.079187162,0.366608411,0.070032478,0.323326971,0.031771879,0.141502764,0.019011261,0.094192097,4.453710899,0.314066651,Chau_Phu,T,1.5,SA
0.003284329,0.008628392,0.063898668,0.754628718,0.060614339,0.746000326,0.025483756,0.153445799,0.019815889,0.183289531,6.021318083,0.214996811,Chau_Phu,T,2.3,SA
0.003266725,0.013684425,0.17117402,0.602699995,0.167907294,0.58901557,0.039273854,0.137322292,0.043040246,0.142211623,3.496532086,0.41951109,Chau_Phu,T,2.3,SA
0.004183228,0.0421036,0.059441287,0.260375053,0.055258059,0.218271453,0.026827341,0.115820909,0.015191834,0.066567136,4.317271289,0.326232154,Chau_Phu,T,3.4,WS
0.002691101,0.031926669,0.136668995,0.448552966,0.133977894,0.416626297,0.049526413,0.194106587,0.036356685,0.139138099,3.919253903,0.366615762,Chau_Phu,T,2.43,WS
0.003502466,0.009547254,0.081964664,0.221399158,0.078462198,0.211851904,0.025284068,0.09294379,0.020253424,0.059049665,3.675982452,0.395594898,Chau_Phu,T,3.5,WS
0.007348001,0.02731109,0.067220241,0.524527013,0.05987224,0.497215923,0.028973688,0.119090042,0.019744953,0.126155263,4.110282475,0.346252271,Chau_Phu,T,2,WS
0.003392655,0.029907255,0.070941932,0.295412451,0.067549278,0.265505197,0.033525606,0.108165961,0.021411397,0.07722664,3.226368537,0.460372045,Chau_Phu,T,4.3,WS
0.007520281,0.036443878,0.135638714,0.507750273,0.128118433,0.471306395,0.041061515,0.167914513,0.033445835,0.122184535,4.089340437,0.34839165,Chau_Phu,T,3.5,WS
0.005751075,0.019236293,0.099853128,0.29111582,0.094102053,0.271879528,0.038159502,0.116441296,0.023999694,0.07675515,3.051436507,0.490508385,Chau_Phu,T,2,WS
0.003823415,0.036285061,0.141315371,0.391947001,0.137491955,0.35566194,0.028647201,0.125208264,0.034248302,0.112901626,4.370698054,0.32137633,Chau_Phu,T,4,WS
0.003323914,0.037508111,0.097986445,0.60955286,0.094662531,0.572044749,0.034214883,0.169717059,0.024689635,0.147036886,4.96032851,0.274887313,Chau_Phu,T,7,WS
0.00307331,0.024732688,0.175320894,0.341054291,0.172247584,0.316321602,0.037886364,0.135260345,0.044617867,0.103902265,3.570159023,0.409414315,Chau_Phu,T,3,WS
0.006275477,0.052895833,0.097021811,0.306660324,0.090746333,0.253764492,0.036156087,0.132318255,0.023962159,0.077403709,3.659639843,0.397677909,Chau_Phu,T,1.3,WS
0.012113266,0.0425914,0.07559333,0.253818005,0.063480064,0.211226605,0.031251564,0.114651532,0.020572467,0.06446772,3.668665413,0.396525266,Chau_Phu,D,1.95,WS
0.00233953,0.005430427,0.153902635,0.433597267,0.151563105,0.428166839,0.030963527,0.112796664,0.035753393,0.11186848,3.642888107,0.399832107,Chau_Phu,D,2.95,WS
0.003472571,0.029610174,0.079752378,0.405070305,0.076279808,0.375460131,0.027060751,0.134166275,0.01894792,0.11045735,4.957965619,0.275050857,Chau_Phu,D,3.03,WS
0.005683161,0.019415731,0.049637806,0.718904138,0.043954644,0.699488407,0.024056157,0.159642014,0.011227493,0.18162959,6.636222618,0.189558001,Chau_Phu,D,1.2,WS
0.003002986,0.011523536,0.122715406,0.321134269,0.11971242,0.309610733,0.028712593,0.11201964,0.028222895,0.118870913,3.901411432,0.368619455,Chau_Phu,T,2.8,WS
0.002505799,0.009696471,0.080286205,0.724363446,0.077780406,0.714666976,0.02720988,0.153300009,0.023624817,0.1949092,5.633983306,0.234098392,Chau_Phu,T,2,WS
0.002218631,0.007184397,0.088586807,0.630303323,0.086368176,0.623118926,0.030107786,0.115252693,0.022398657,0.142609443,3.828002897,0.377058476,Chau_Phu,T,2.9,WS
0.002516889,0.007999752,0.096308276,0.191495299,0.093791387,0.183495548,0.036963876,0.081450469,0.026358109,0.058682735,2.203515375,0.697621364,Chau_Phu,T,5.4,WS
0.003042861,0.007506895,0.062208384,0.39193821,0.059165523,0.384431314,0.029815007,0.121558185,0.016375005,0.105050259,4.07708062,0.349654323,Chau_Phu,T,2,WS
0.005390998,0.016752671,0.148885801,0.267039001,0.143494803,0.25028633,0.045255867,0.122124857,0.040457116,0.076586229,2.698541963,0.562359668,Chau_Phu,D,4.9,WS
0.00172188,0.014928107,0.057073813,0.370444477,0.055351933,0.355516369,0.021749915,0.127379861,0.015939625,0.124042181,5.856568184,0.222792103,Chau_Phu,D,2.1,WS
0.002850203,0.006258189,0.125884607,0.416005462,0.123034405,0.409747273,0.037530402,0.13290713,0.032238993,0.100958213,3.541319103,0.413320515,Chau_Phu,D,1.55,WS
0.002553856,0.008764488,0.05234592,0.179996237,0.049792064,0.171231749,0.026629273,0.088247892,0.015598589,0.052253068,3.313942964,0.446424883,Chau_Phu,D,4,WS
0.001310216,0.014891257,0.156422481,0.534775555,0.155112265,0.519884299,0.031045747,0.112169919,0.040546639,0.141900667,3.613052633,0.403717315,Chau_Phu,D,3,WS
0.003249942,0.014743384,0.067564033,0.282007158,0.064314091,0.267263774,0.026062546,0.100696406,0.018306218,0.093367868,3.863644298,0.372921381,Chau_Phu,D,3,WS
0.005100162,0.052306652,0.078508168,0.334804624,0.073408006,0.282497972,0.032322727,0.124484665,0.022681998,0.074486255,3.851304503,0.374345131,Chau_Phu,T,1.4,WS
0.00328952,0.010472589,0.070541859,0.239550382,0.067252339,0.229077793,0.027332626,0.091426333,0.021894334,0.079027256,3.344952379,0.441654297,Chau_Phu,T,2.5,WS
0.001699781,0.013616865,0.110825062,0.23325941,0.109125281,0.219642545,0.027251582,0.110023827,0.026460757,0.054832031,4.037337167,0.353800515,Chau_Phu,T,3.2,WS
0.005181095,0.020914864,0.148923457,0.205895618,0.143742362,0.184980754,0.026520394,0.075217308,0.035115378,0.054961957,2.836206224,0.532362031,Chau_Phu,D,2,WS
0.00315812,0.028662818,0.095319517,0.340132415,0.092161397,0.311469598,0.032584045,0.117568128,0.023401618,0.098654174,3.608150161,0.404361741,Chau_Phu,D,1.4,WS
0.007536979,0.021470444,0.150613353,0.42800805,0.143076374,0.406537605,0.030522915,0.121425757,0.038282094,0.104038003,3.978183576,0.360125297,Chau_Phu,T,3.7,WS
0.004308809,0.01861725,0.064006172,0.239437237,0.059697364,0.220819987,0.029643586,0.09805892,0.01889482,0.071492673,3.307930436,0.447359813,Chau_Phu,D,2.25,WS
0.005590091,0.018745078,0.079818778,0.267284751,0.074228687,0.248539673,0.021575335,0.107102226,0.020071458,0.065304519,4.964104949,0.274626268,Chau_Phu,D,4.9,WS
0.007531433,0.011977533,0.079981133,0.224928617,0.0724497,0.212951085,0.026330931,0.109732718,0.020862753,0.069815905,4.167445489,0.340522753,Chau_Phu,D,2,WS
0.011016577,0.028110441,0.119646199,0.528277397,0.108629622,0.500166956,0.042462726,0.143615314,0.034056065,0.133699739,3.38215012,0.436042795,Chau_Phu,D,2,WS
0.001950797,0.008650811,0.106949717,0.339915454,0.10499892,0.331264643,0.026567856,0.096703858,0.031957979,0.105083188,3.639881925,0.400220747,Chau_Phu,D,2.4,WS
0.003331586,0.018226035,0.069886833,0.353765011,0.066555247,0.335538976,0.031180945,0.123612344,0.023600961,0.116372882,3.964355208,0.361631055,Chau_Phu,T,3.4,WS
0.003576203,0.012713267,0.081981398,0.357565194,0.078405195,0.344851927,0.02368606,0.09449692,0.021597235,0.083992049,3.989558419,0.358894517,Chau_Phu,T,2.1,WS
0.002805959,0.008270427,0.073424913,0.396152347,0.070618954,0.387881921,0.022209788,0.088336303,0.019150908,0.091707753,3.977359185,0.360214771,Chau_Phu,D,1.9,WS
0.003164081,0.019779395,0.093201287,0.265230149,0.090037206,0.245450754,0.026882582,0.096415066,0.02661591,0.074862168,3.58652558,0.40722484,Chau_Phu,D,3.6,WS
0.001823211,0.017103627,0.091589801,0.471797347,0.08976659,0.45469372,0.031808064,0.120168209,0.024307044,0.115145512,3.777916533,0.38300298,Chau_Phu,T,1.62,WS
0.004466599,0.013875727,0.06818299,0.260486424,0.063716391,0.246610697,0.025286977,0.088017258,0.022494797,0.071666131,3.480734747,0.421731595,Chau_Phu,D,2.9,WS
0.001788957,0.016642433,0.051956777,0.333681524,0.05016782,0.317039091,0.022432985,0.110335666,0.013752152,0.096868242,4.918456754,0.277809616,Chau_Phu,T,2.1,WS
0.002605567,0.012230176,0.085859135,0.300348222,0.083253567,0.288118047,0.034581948,0.153902067,0.022809836,0.084215001,4.450358501,0.314356459,Chau_Phu,D,2.1,WS
0.003760932,0.011583608,0.072377786,0.431366682,0.068616854,0.419783074,0.029315676,0.118998151,0.020375101,0.129958242,4.059198593,0.35150977,Chau_Phu,T,3,WS
0.003301606,0.021697294,0.144918814,0.31139192,0.141617209,0.289694626,0.035908533,0.140974458,0.038516596,0.074658649,3.925931941,0.365870489,Chau_Phu,T,3.2,WS
0.003078947,0.009072672,0.050141934,0.507096767,0.047062987,0.498024096,0.021239837,0.126071662,0.014049839,0.136003442,5.935622937,0.21899378,Chau_Phu,D,1.75,WS
0.004890185,0.006129716,0.061614059,0.535065234,0.056723874,0.528935518,0.023913868,0.108074706,0.016462806,0.1269193,4.519331958,0.308482277,Chau_Phu,D,3.2,WS
0.003367177,0.014968671,0.044804975,0.52493453,0.041437799,0.509965859,0.023944509,0.142921999,0.012234258,0.163688841,5.968884188,0.217427824,Chau_Phu,T,1.4,WS
0.004273768,0.041286089,0.171482742,0.367309272,0.167208974,0.326023184,0.044914685,0.125327239,0.042001095,0.084414381,2.79033992,0.542054248,Chau_Phu,T,3,WS
0.002406159,0.012266468,0.0697781,0.342142403,0.06737194,0.329875935,0.023772282,0.119621833,0.022029251,0.09915808,5.031987728,0.270003452,Chau_Phu,D,3,WS
0.005392104,0.031504422,0.074268676,1.032377362,0.068876572,1.00087294,0.029708189,0.184486841,0.019069812,0.226626249,6.209965948,0.206614202,Chau_Phu,T,2.4,WS
0.00564956,0.031666182,0.085843794,0.435292244,0.080194234,0.403626062,0.04482561,0.201748743,0.025681531,0.135064141,4.500747284,0.310046942,Chau_Phu,T,4,WS
0.002192825,0.008664967,0.070581667,0.376023859,0.068388842,0.367358892,0.023009235,0.136881158,0.016200049,0.109914134,5.948965961,0.218363333,Chau_Phu,T,4,WS
0.003340574,0.009428682,0.197362095,0.560231805,0.194021521,0.550803123,0.029967302,0.101743307,0.043521813,0.127055762,3.395144017,0.434110535,Chau_Phu,T,2.5,WS
0.004888189,0.00790392,0.115581565,0.35607335,0.110693376,0.348169429,0.029101084,0.103132286,0.026959673,0.0970033,3.543932804,0.41296395,Chau_Phu,T,2,WS
0.001250841,0.008691439,0.079527296,0.362767428,0.078276455,0.354075989,0.025797952,0.135612914,0.021233651,0.105430072,5.256731859,0.255586951,Chau_Phu,D,6,WS
0.014300735,0.054361761,0.074344575,0.356167465,0.060043841,0.301805705,0.038303621,0.160653413,0.017639983,0.083005519,4.194209582,0.337894239,Chau_Phu,D,1.3,WS
0.00304773,0.017043339,0.055471949,0.377690762,0.052424219,0.360647423,0.024249779,0.127528178,0.014936133,0.126533406,5.258941786,0.255451598,Chau_Phu,D,4,WS
0.010854323,0.062514782,0.076018699,0.29119727,0.065164375,0.228682488,0.036307925,0.18669641,0.019111089,0.076024804,5.142029208,0.262779919,Chau_Phu,D,3,WS
0.004033672,0.051191874,0.078166939,0.279248357,0.074133267,0.228056483,0.036953498,0.140518638,0.025165945,0.06613207,3.802580101,0.380056414,Chau_Phu,D,2.04,WS
0.006196037,0.014900388,0.090155259,0.48565954,0.083959222,0.470759152,0.032618207,0.151730026,0.022894422,0.119415825,4.651697279,0.297708787,Chau_Phu,D,3.34,WS
0.003254306,0.024194904,0.110395096,0.679053843,0.107140791,0.654858939,0.031038741,0.159032294,0.026272465,0.146111868,5.123670896,0.263962497,Chau_Phu,T,2.3,WS
0.003380093,0.007556318,0.12362662,0.50760895,0.120246527,0.500052632,0.031672463,0.110471283,0.032500077,0.119398929,3.487928391,0.420718019,Chau_Phu,T,2,WS
0.012499526,0.058647141,0.071999982,0.346822113,0.059500456,0.288174972,0.038613594,0.143668375,0.018153648,0.083634746,3.720668299,0.38999116,Chau_Phu,T,4,WS
0.00478202,0.015306981,0.115906216,0.261649609,0.111124197,0.246342627,0.031224081,0.10341314,0.027115767,0.072429769,3.311967482,0.446731705,Chau_Phu,T,1.8,WS
0.00306035,0.014097042,0.083383761,0.514101386,0.080323411,0.500004344,0.021754817,0.151551807,0.020158379,0.141498622,6.966356358,0.177897726,Chau_Phu,D,3.6,WS
0.002725717,0.01076238,0.084909372,0.35124135,0.082183655,0.34047897,0.024357521,0.107243177,0.020052141,0.107472042,4.402877394,0.318509451,Chau_Phu,T,1.65,WS
0.00234596,0.01202211,0.055628855,0.505454183,0.053282894,0.493432073,0.022317964,0.134186341,0.016236474,0.139696913,6.01248117,0.215403338,Chau_Phu,T,2,WS
0.004932514,0.025301958,0.115042277,0.303706139,0.110109762,0.278404182,0.031636875,0.11900194,0.027678682,0.082239158,3.761494767,0.384986078,Chau_Phu,T,1.8,WS
0.002343852,0.016900523,0.089634262,0.612919629,0.08729041,0.596019106,0.029998883,0.13800825,0.026198433,0.145274944,4.600446275,0.301804727,Chau_Phu,T,5,WS
0.004337543,0.015227478,0.065486111,0.405347407,0.061148568,0.390119929,0.030687431,0.106662453,0.022435119,0.085513335,3.475770025,0.422433495,Chau_Phu,T,2.3,WS
0.005477239,0.026983254,0.135468394,0.605595291,0.129991155,0.578612037,0.041701095,0.144947977,0.040979002,0.147753591,3.47587935,0.422418018,Chau_Phu,T,2,WS
0.001302028,0.017057383,0.058544766,0.497974366,0.057242738,0.480916983,0.021743211,0.118216425,0.015141741,0.107557293,5.436934909,0.244929624,Chau_Phu,T,1.25,WS
0.002733642,0.015538706,0.072892994,0.367652088,0.070159351,0.352113383,0.028766323,0.117410633,0.01801903,0.106972798,4.081530759,0.34919511,Chau_Phu,T,1.95,WS
0.002705308,0.024097791,0.088073641,0.511444032,0.085368333,0.487346241,0.026797744,0.130150175,0.021034923,0.153516855,4.856758548,0.282211048,Chau_Phu,T,2.6,WS
0.00190383,0.027756706,0.15756242,0.229203597,0.15565859,0.201446891,0.037405867,0.10616575,0.03312414,0.056702282,2.838211182,0.531944952,Chau_Phu,T,1.95,WS
0.002285341,0.004542582,0.181756362,0.251027226,0.179471021,0.246484644,0.032753098,0.111547837,0.041970196,0.07502198,3.405718687,0.432548536,Chau_Phu,D,2.3,WS
0.003840216,0.025426261,0.045620333,0.354243964,0.041780117,0.328817703,0.020773397,0.1017087,0.013229539,0.083519199,4.896103318,0.279390969,Chau_Phu,T,1.65,WS
0.003317449,0.017572628,0.063236117,0.29991731,0.059918668,0.282344682,0.017474302,0.07655101,0.015017709,0.072963283,4.3807764,0.320473832,Chau_Phu,T,2.56,WS
0.005492348,0.017548945,0.049231589,0.254695237,0.043739241,0.237146292,0.023663024,0.106570646,0.013872669,0.074068696,4.503678268,0.309799301,Chau_Phu,T,1.5,WS
0.002756262,0.012172181,0.154018492,0.384288818,0.15126223,0.372116636,0.03344056,0.093722606,0.035575525,0.089626644,2.802662545,0.539421573,Chau_Phu,D,1.74,WS
0.00536305,0.037065014,0.052207887,0.742270291,0.046844837,0.705205277,0.025962171,0.145558094,0.014036662,0.179126668,5.6065456,0.235558259,Chau_Phu,T,1.7,WS
0.003551963,0.018928673,0.078824654,0.326053351,0.075272692,0.307124678,0.030303138,0.115746773,0.023932913,0.083254874,3.819629987,0.378041471,Chau_Phu,T,3.6,WS
0.005370927,0.036752544,0.073328786,0.239453614,0.067957859,0.202701069,0.026300888,0.104877397,0.019805048,0.065822351,3.987599101,0.359106019,Chau_Phu,T,3,WS
0.002299523,0.018761378,0.077108063,0.329898477,0.07480854,0.311137099,0.026171357,0.122087277,0.017200526,0.110565689,4.664919679,0.29666708,Chau_Phu,T,5,WS
0.003257627,0.011818996,0.070869394,0.340792716,0.067611767,0.32897372,0.024095335,0.103914758,0.020379816,0.089168149,4.31265054,0.326657863,Chau_Phu,T,2.7,WS
0.003459673,0.016249344,0.064703546,0.294929624,0.061243873,0.27868028,0.023731857,0.096756715,0.016157173,0.087041288,4.077081427,0.349654239,Chau_Phu,T,1.8,WS
0.003256806,0.03935596,0.083384573,0.5022102,0.080127767,0.46285424,0.032284475,0.184650175,0.020259478,0.121646499,5.719472688,0.22964511,Chau_Phu,T,1.5,WS
0.004759632,0.015578527,0.064406045,0.322803736,0.059646413,0.307225209,0.028188053,0.114833452,0.018331898,0.069293533,4.073834083,0.34998997,Chau_Phu,T,2,WS
0.003208479,0.017381262,0.056176152,0.408123076,0.052967673,0.390741814,0.024468897,0.119469471,0.016554813,0.105612294,4.882503333,0.280360431,Chau_Phu,T,1.4,WS
0.00286533,0.007694562,0.061352309,0.346851856,0.058486979,0.339157294,0.026778754,0.128732568,0.019501862,0.0909242,4.807265057,0.285826518,Chau_Phu,T,2.3,WS
0.003037301,0.026977455,0.20053257,0.530730844,0.19749527,0.503753388,0.043257771,0.159725021,0.045749635,0.120475721,3.692400625,0.393520504,Chau_Phu,T,1.8,WS
0.001697934,0.005366127,0.082112953,0.55220437,0.080415019,0.546838244,0.030385699,0.116232691,0.02127583,0.125394782,3.825243354,0.377381981,Chau_Phu,T,2.15,WS
0.004121116,0.00620328,0.044915136,0.329749405,0.04079402,0.323546126,0.01859623,0.074818798,0.012373399,0.08242987,4.023331545,0.3552812,Chau_Thanh,T,2.2,SA
0.003089677,0.020734105,0.085128635,0.401864827,0.082038958,0.381130721,0.026641139,0.132331719,0.021550634,0.126784435,4.967194463,0.274413014,Chau_Thanh,T,2.53,SA
0.002948145,0.007390992,0.124920987,0.556567311,0.121972841,0.54917632,0.027637059,0.186777507,0.031352325,0.17021484,6.758226484,0.185104216,Chau_Thanh,T,2.42,SA
0.007582421,0.020673331,0.055593099,0.323205352,0.048010678,0.302532021,0.026144628,0.146003738,0.016018211,0.097946856,5.584464182,0.236744191,Chau_Thanh,T,2.42,SA
0.005351905,0.029092513,0.098378323,0.63474822,0.093026418,0.605655707,0.030178874,0.120860274,0.025299075,0.170016035,4.00479727,0.357256596,Chau_Thanh,T,2.75,SA
0.003138933,0.016985213,0.155784383,0.276205778,0.15264545,0.259220565,0.035230592,0.097133934,0.037903756,0.081795266,2.757090599,0.549265713,Chau_Thanh,T,1.32,SA
0.004011329,0.033759832,0.036293454,0.230347738,0.032282125,0.196587905,0.017873575,0.099753443,0.009565413,0.055778886,5.581057015,0.236928067,Chau_Thanh,T,2.53,SA
0.00290833,0.010150258,0.039743967,0.299855381,0.036835637,0.289705123,0.019552117,0.090313055,0.012950461,0.08085445,4.619093363,0.300303656,Chau_Thanh,T,1.76,SA
0.005944576,0.014174366,0.101121925,0.252963603,0.095177349,0.238789236,0.026008756,0.09739244,0.025946562,0.07233014,3.744601991,0.387043975,Chau_Thanh,T,1.43,SA
0.003126053,0.016213475,0.078791037,0.469703615,0.075664984,0.45349014,0.023912998,0.11036819,0.020889064,0.124468595,4.615405743,0.300599517,Chau_Thanh,D,1.76,SA
0.003729288,0.021369794,0.055963386,0.280335575,0.052234098,0.258965781,0.022665285,0.10053851,0.017446345,0.087463383,4.43579286,0.315620819,Chau_Thanh,T,1.87,SA
0.008660645,0.024558611,0.06183074,0.521243989,0.053170095,0.496685378,0.023533927,0.172514019,0.014081534,0.156599345,7.330439028,0.166363541,Chau_Thanh,T,1.43,SA
0.004727951,0.041688882,0.099783152,0.2976107,0.095055202,0.255921818,0.025008823,0.14493515,0.023412501,0.09700972,5.795360748,0.225808983,Chau_Thanh,T,1.87,SA
0.006263584,0.014837954,0.075541854,0.335000843,0.06927827,0.320162889,0.026514374,0.103518494,0.018281639,0.090735176,3.904240567,0.368300529,Chau_Thanh,T,1.54,SA
0.008915802,0.020772258,0.09307424,0.291938901,0.084158437,0.271166643,0.036808964,0.113229953,0.0252786,0.076365805,3.07615161,0.486053974,Chau_Thanh,T,2.2,SA
0.005016333,0.016516818,0.097567141,0.310520917,0.092550808,0.294004099,0.030749651,0.12302862,0.025373029,0.110625234,4.000976106,0.357666135,Chau_Thanh,T,3.3,SA
0.005503967,0.017432168,0.191651598,0.346181124,0.186147631,0.328748956,0.032129827,0.077281915,0.047743177,0.082958048,2.405301329,0.636541421,Chau_Thanh,T,2.09,SA
0.004171256,0.008121846,0.056290947,0.380167723,0.052119691,0.372045876,0.029299297,0.139609671,0.017705827,0.127107639,4.764949427,0.288979303,Chau_Thanh,T,2.2,SA
0.004190896,0.013442967,0.117271952,0.274246752,0.113081057,0.260803785,0.030795346,0.099532766,0.031503249,0.071334446,3.232071704,0.459441758,Chau_Thanh,T,2.2,SA
0.009570213,0.021076933,0.104639359,0.528036535,0.095069146,0.506959602,0.039662228,0.221006364,0.025674607,0.143789474,5.572212502,0.237406495,Chau_Thanh,T,2.42,SA
0.00337072,0.01075849,0.150999561,0.32363835,0.147628841,0.312879859,0.034094861,0.118719745,0.036785022,0.107070285,3.482042236,0.421547069,Chau_Thanh,T,2.53,SA
0.004555778,0.007431851,0.090964772,0.465763539,0.086408994,0.458331688,0.03448961,0.169282452,0.02172655,0.140409909,4.90821589,0.27853223,Chau_Thanh,T,2.035,SA
0.002958998,0.027318323,0.040982757,0.469370931,0.038023759,0.442052608,0.020352624,0.114768551,0.010341072,0.132891671,5.639005121,0.23383283,Chau_Thanh,T,2.2,SA
0.00281108,0.014535131,0.063509285,0.324097782,0.060698206,0.309562651,0.026714315,0.095830063,0.020721684,0.083262178,3.587217739,0.407132675,Chau_Thanh,T,1.65,SA
0.004487397,0.019390125,0.099960126,0.338861912,0.095472729,0.319471788,0.034591576,0.120028861,0.025936537,0.091424148,3.469887022,0.423267742,Chau_Thanh,T,1.32,SA
0.001869808,0.02513466,0.038856354,0.626355529,0.036986545,0.601220869,0.02034777,0.124388797,0.012054094,0.155102617,6.113141588,0.210847187,Chau_Thanh,T,2.09,SA
0.003762256,0.015978925,0.041083075,0.337736726,0.037320819,0.321757801,0.01747461,0.089129355,0.0102135,0.087333381,5.100505999,0.265467404,Chau_Thanh,T,2.09,SA
0.004969022,0.017232578,0.049473956,0.497952342,0.044504934,0.480719764,0.025100181,0.118237284,0.015172223,0.119312545,4.710614833,0.29311341,Chau_Thanh,T,3.85,SA
0.005310468,0.016603701,0.123662345,0.372547328,0.118351877,0.355943628,0.028090356,0.110054387,0.031615405,0.103340172,3.917870842,0.366770429,Chau_Thanh,T,1.87,SA
0.002548789,0.018117234,0.063751005,0.522019207,0.061202215,0.503901973,0.029014226,0.11682754,0.0187056,0.136847041,4.026560676,0.354938899,Chau_Thanh,T,1.32,SA
0.001659004,0.006630683,0.04259906,0.374430031,0.040940056,0.367799348,0.019487196,0.09187368,0.01316433,0.101655625,4.714566387,0.292809436,Chau_Thanh,T,1.65,SA
0.00258508,0.006068287,0.064804964,0.234365091,0.062219884,0.228296803,0.02667233,0.092722007,0.020219281,0.07029083,3.476336925,0.42235325,Chau_Thanh,T,1.87,SA
0.003313035,0.016440609,0.108194932,0.276844412,0.104881898,0.260403803,0.024235496,0.093039074,0.026307074,0.073855774,3.838959023,0.375778626,Chau_Thanh,T,1.76,SA
0.006726864,0.012273652,0.045424327,0.413146615,0.038697463,0.400872963,0.02095809,0.144934207,0.012474617,0.12637854,6.915430267,0.179617315,Chau_Thanh,D,3.3,SA
0.00368569,0.018229784,0.038450424,0.450254589,0.034764734,0.432024805,0.021444663,0.10537965,0.011227893,0.107629085,4.914026843,0.278121815,Chau_Thanh,T,3.85,SA
0.006419744,0.030032393,0.091120884,0.250587732,0.08470114,0.220555339,0.029611495,0.105721044,0.022393549,0.067144625,3.570270391,0.40939935,Chau_Thanh,D,2.75,SA
0.010590414,0.02662909,0.070990942,0.402985603,0.060400529,0.376356512,0.033106323,0.157762651,0.019293845,0.131696255,4.765332886,0.288950473,Chau_Thanh,D,4.4,SA
0.012958385,0.038691804,0.063100472,0.308662683,0.050142087,0.269970879,0.032629348,0.166087491,0.016531109,0.088464207,5.090125907,0.266146393,Chau_Thanh,T,1.65,SA
0.00779059,0.014165019,0.092929818,0.280959189,0.085139228,0.26679417,0.029520902,0.109260014,0.023767129,0.076654894,3.701106965,0.392427824,Chau_Thanh,T,1.98,SA
0.001804077,0.009155879,0.116662279,0.21102789,0.114858202,0.201872012,0.030619275,0.069436016,0.031779685,0.060622826,2.267722424,0.677161493,Chau_Thanh,T,5.5,SA
0.002962775,0.027511735,0.112271443,0.404084504,0.109308668,0.376572769,0.023050416,0.106515561,0.028245058,0.112940424,4.62098216,0.300152304,Chau_Thanh,T,2.75,SA
0.008432854,0.020526281,0.069424018,0.70911181,0.060991164,0.688585529,0.036885654,0.219196783,0.016799174,0.216149016,5.942602625,0.218663618,Chau_Thanh,D,1.87,SA
0.012891496,0.02426393,0.073215507,0.31902799,0.060324011,0.294764061,0.025214742,0.115962837,0.015924617,0.089695264,4.599009551,0.301920901,Chau_Thanh,D,2.75,SA
0.008410176,0.011575538,0.067495853,0.424114645,0.059085676,0.412539107,0.029898974,0.135024205,0.015778003,0.120975275,4.51601472,0.308760593,Chau_Thanh,D,3.3,SA
0.013635851,0.027104575,0.070381336,0.797625601,0.056745484,0.770521026,0.033973921,0.201860585,0.017772587,0.245971247,5.941633467,0.218709412,Chau_Thanh,D,1.21,SA
0.003331106,0.019318676,0.147987083,0.430540562,0.144655976,0.411221886,0.038914897,0.1843813,0.036806938,0.138348429,4.738064724,0.291012623,Chau_Thanh,T,3.08,SA
0.001251638,0.012144129,0.08701966,0.384549081,0.085768022,0.372404953,0.026770865,0.114942387,0.02665718,0.113733936,4.293562779,0.328426271,Chau_Thanh,T,5.5,SA
0.001569487,0.018467166,0.059818171,0.755696416,0.058248684,0.73722925,0.023076086,0.151652331,0.016496921,0.206918939,6.571839437,0.191980844,Chau_Thanh,T,1.65,SA
0.002826606,0.038623631,0.090435714,0.297192872,0.087609108,0.258569241,0.036595663,0.108786272,0.026667727,0.078003067,2.972654787,0.505171394,Chau_Thanh,T,2.2,SA
0.001957981,0.013805165,0.065623961,0.318019152,0.06366598,0.304213987,0.024672337,0.106807295,0.019872157,0.107930589,4.329030321,0.325152954,Chau_Thanh,T,1.54,SA
0.002939603,0.020435397,0.061135031,0.28845644,0.058195428,0.268021043,0.025980147,0.083777673,0.016776327,0.075566297,3.224680526,0.460647992,Chau_Thanh,T,2.75,SA
0.003034021,0.020597553,0.100272082,0.318359137,0.097238061,0.297761584,0.029364258,0.132991832,0.025694519,0.097717909,4.529037721,0.307670362,Chau_Thanh,T,3.245,SA
0.005321763,0.017948501,0.113975994,0.589138925,0.108654231,0.571190424,0.025695179,0.166235077,0.02740196,0.180098887,6.469504638,0.195939633,Chau_Thanh,T,1.98,SA
0.004702485,0.049452394,0.096782647,0.672401547,0.092080162,0.622949153,0.032374012,0.195668183,0.023703064,0.168924774,6.043989386,0.213959686,Chau_Thanh,T,1.87,SA
0.0078397,0.009688159,0.058599807,1.476595044,0.050760107,1.466906886,0.019523895,0.170061669,0.013562671,0.379906395,8.710437538,0.132190971,Chau_Thanh,T,2.2,SA
0.004187835,0.035225835,0.063204683,0.359630227,0.059016848,0.324404392,0.028582658,0.128741727,0.017720296,0.10391749,4.504190206,0.309756081,Chau_Thanh,T,1.65,SA
0.006629188,0.02901067,0.052493688,0.303387731,0.0458645,0.274377061,0.025481498,0.117177313,0.01365488,0.095804626,4.598525366,0.301960069,Chau_Thanh,T,2.09,SA
0.002740043,0.012428754,0.037834138,0.378374368,0.035094095,0.365945614,0.021693025,0.127798643,0.011334941,0.123441255,5.891231998,0.221113208,Chau_Thanh,T,1.54,SA
0.002087577,0.004802569,0.05840376,0.267443985,0.056316183,0.262641415,0.021217478,0.097829429,0.017677859,0.092762935,4.610794466,0.300970168,Chau_Thanh,T,1.43,SA
0.002046866,0.01102086,0.055546504,0.231941327,0.053499637,0.220920468,0.019855559,0.07886539,0.01380086,0.072777419,3.971955271,0.360802196,Chau_Thanh,T,3.3,SA
0.005771826,0.037808709,0.084102713,0.35055384,0.078330887,0.312745132,0.032015349,0.146547,0.019135954,0.104783019,4.577398129,0.303677434,Chau_Thanh,T,1.32,SA
0.004167493,0.025124019,0.067059569,0.251642168,0.062892076,0.226518149,0.027174707,0.086652101,0.020145025,0.071472321,3.188704187,0.466595402,Chau_Thanh,T,1.65,SA
0.00444958,0.01411195,0.076512985,0.393650353,0.072063405,0.379538403,0.027367782,0.142134087,0.01911687,0.126614565,5.193482219,0.259512122,Chau_Thanh,T,1.43,SA
0.003006085,0.022525772,0.056970138,0.303642392,0.053964053,0.28111662,0.030050422,0.12196207,0.016178099,0.073649788,4.05858089,0.351574156,Chau_Thanh,T,1.65,SA
0.003111709,0.027581472,0.079330169,0.605630279,0.07621846,0.578048807,0.029246629,0.147382417,0.020722819,0.175232509,5.039295937,0.2695135,Chau_Thanh,T,1.43,SA
0.006017955,0.019873627,0.206968009,0.510221362,0.200950054,0.490347736,0.036529808,0.162213717,0.051416667,0.163127217,4.440585001,0.315203907,Chau_Thanh,T,1.65,SA
0.003939393,0.021683687,0.084220335,0.347200811,0.080280942,0.325517124,0.027712208,0.12725927,0.024716747,0.10573884,4.592173539,0.302474684,Chau_Thanh,T,1.375,SA
0.003307332,0.018213663,0.093479127,0.298291564,0.090171795,0.280077901,0.025496826,0.082019513,0.026888897,0.095745238,3.216851839,0.461931393,Chau_Thanh,T,3.3,SA
0.003363758,0.016810058,0.061458237,0.41737473,0.05809448,0.400564672,0.019758416,0.115922509,0.016007006,0.112112305,5.866994074,0.222284911,Chau_Thanh,T,1.54,SA
0.005527324,0.025458459,0.057811037,0.506652415,0.052283713,0.481193956,0.022583411,0.108782493,0.017305931,0.124213899,4.816920503,0.285115152,Chau_Thanh,T,2.2,SA
0.003095492,0.011768131,0.077975959,0.406022221,0.074880467,0.39425409,0.022485507,0.11104964,0.022318053,0.115215747,4.938720696,0.276388928,Chau_Thanh,T,1.54,SA
0.007731302,0.019717345,0.091917835,0.440510482,0.084186533,0.420793137,0.032712265,0.146113345,0.022234137,0.155684499,4.466622713,0.3129546,Chau_Thanh,D,2.75,SA
0.002735887,0.02006321,0.03645413,0.309667885,0.033718243,0.289604675,0.019213224,0.096692063,0.009788049,0.085761285,5.032578749,0.269963774,Chau_Thanh,T,3.08,SA
0.001300976,0.017357036,0.05587348,0.530197084,0.054572504,0.512840047,0.025607807,0.148849895,0.017244952,0.141351016,5.812676451,0.224948626,Chau_Thanh,T,1.65,SA
0.001902562,0.01238287,0.068214349,0.627093136,0.066311787,0.614710267,0.026361627,0.139857242,0.018837425,0.185332694,5.305334219,0.252637505,Chau_Thanh,T,2.53,SA
0.002923687,0.013649898,0.072161555,0.591165662,0.069237868,0.577515764,0.02581444,0.165349264,0.018206226,0.182326747,6.405301201,0.198493322,Chau_Thanh,T,1.32,SA
0.003216184,0.010669817,0.028344782,0.34988308,0.025128599,0.339213262,0.015403258,0.115495221,0.008250597,0.099712938,7.498103532,0.161464468,Chau_Thanh,T,3.3,SA
0.00634775,0.015347123,0.114805602,0.280426323,0.108457852,0.2650792,0.033644375,0.126192221,0.02774568,0.086272931,3.750767262,0.386290794,Chau_Thanh,T,1.65,SA
0.003718056,0.015174106,0.079725377,0.413321316,0.076007321,0.39814721,0.027635048,0.118544385,0.021581495,0.115923544,4.289639151,0.328791758,Chau_Thanh,T,1.76,SA
0.001921837,0.028417543,0.04051771,0.401546121,0.038595873,0.373128578,0.015013603,0.136416102,0.010316277,0.111748966,9.086166757,0.124873641,Chau_Thanh,T,5.83,SA
0.0037941,0.009361273,0.048786867,0.635999024,0.044992767,0.626637751,0.023744887,0.14976942,0.013514543,0.167710242,6.307438707,0.202494028,Chau_Thanh,T,1.32,SA
0.00953134,0.034021713,0.147738472,0.601864755,0.138207132,0.567843042,0.030306382,0.145333194,0.034674369,0.160570811,4.795465015,0.286699911,Chau_Thanh,T,2.42,SA
0.001527917,0.010017054,0.050272938,0.483767688,0.048745021,0.473750634,0.026474182,0.129134275,0.013679623,0.121950396,4.877743722,0.28070104,Chau_Thanh,T,2.53,SA
0.005891675,0.027365629,0.065323688,0.403853416,0.059432013,0.376487788,0.02125406,0.1214556,0.015150482,0.118049608,5.714465819,0.229902022,Chau_Thanh,T,3.3,SA
0.0040983,0.015654625,0.088934772,0.619120777,0.084836472,0.603466151,0.024539471,0.158869143,0.021008552,0.184884197,6.474024859,0.195761906,Chau_Thanh,T,1.98,SA
0.006048576,0.010525073,0.068868853,0.331229359,0.062820277,0.320704286,0.02404892,0.105566642,0.020383971,0.093572121,4.389662516,0.319681595,Chau_Thanh,T,4.4,SA
0.002141955,0.015312051,0.064156875,0.917404115,0.06201492,0.902092064,0.030553159,0.152761307,0.018845779,0.228957965,4.999853145,0.27217552,Chau_Thanh,T,6.05,SA
0.002363743,0.005812293,0.057007603,0.245800152,0.05464386,0.23998786,0.02518508,0.072254386,0.016950768,0.065933133,2.868936119,0.525620933,Chau_Thanh,T,1.98,SA
0.004764276,0.020709088,0.048347339,0.226058736,0.043583063,0.205349648,0.017062391,0.087974864,0.012206657,0.072997702,5.156068883,0.261881479,Chau_Thanh,T,2.2,SA
0.00473565,0.011457698,0.064385436,0.374181747,0.059649786,0.362724049,0.022869731,0.115194702,0.020060084,0.104790542,5.036994126,0.269667657,Chau_Thanh,T,1.98,SA
0.004679371,0.016415229,0.05999893,0.396912783,0.055319559,0.380497554,0.022570814,0.103465291,0.016757977,0.105162234,4.584030103,0.303136593,Chau_Thanh,T,4.95,SA
0.006591311,0.034594819,0.078594469,0.381832182,0.072003158,0.347237363,0.028695699,0.129563587,0.023821989,0.094290555,4.515087257,0.308838482,Chau_Thanh,T,4,SA
0.004849911,0.030484604,0.060366686,0.53236407,0.055516775,0.501879467,0.025834575,0.16146828,0.016160089,0.168200549,6.250084673,0.204901611,Chau_Thanh,T,3,SA
0.002912186,0.023158586,0.148898274,0.576283693,0.145986087,0.553125108,0.038129695,0.135525712,0.038977214,0.159285791,3.554335087,0.411549919,Chau_Thanh,T,5,SA
0.003112168,0.003805242,0.088465981,1.023862123,0.085353814,1.020056882,0.036910121,0.204901215,0.025003272,0.273526304,5.551355791,0.238541097,Chau_Thanh,T,4,SA
0.005259697,0.024955003,0.115668267,0.65096575,0.11040857,0.626010748,0.030470911,0.205748355,0.028554238,0.217463417,6.752287615,0.185316964,Chau_Thanh,T,1.6,SA
0.006324227,0.007707195,0.114431895,0.678690732,0.108107668,0.670983536,0.028934074,0.118963073,0.028117978,0.17336063,4.111521743,0.346126358,Chau_Thanh,T,2.5,SA
0.003836892,0.012663346,0.095616616,0.373624861,0.091779724,0.360961515,0.025170527,0.10754497,0.024599361,0.096941673,4.272654741,0.330381705,Chau_Thanh,T,3.2,SA
0.003345221,0.010730504,0.04983671,0.278475404,0.046491489,0.2677449,0.024141517,0.125523098,0.01682015,0.085965491,5.199470088,0.259136231,Chau_Thanh,T,2.8,SA
0.003174349,0.005403184,0.051848993,0.289833933,0.048674644,0.284430749,0.027679479,0.122530873,0.01850516,0.079668593,4.426776745,0.316407711,Chau_Thanh,T,4,SA
0.003589138,0.010895075,0.063342325,0.679085076,0.059753187,0.668190001,0.023602739,0.155433109,0.014803628,0.175698859,6.585384275,0.191466858,Chau_Thanh,T,2.2,WS
0.004809698,0.005162654,0.202889606,0.575454891,0.198079908,0.570292237,0.043103368,0.165802546,0.05154591,0.162908821,3.84662623,0.374887275,Chau_Thanh,T,2.53,WS
0.004906924,0.02021029,0.049206208,0.303863317,0.044299285,0.283653026,0.025055889,0.108850074,0.014293055,0.092324084,4.34429107,0.323761226,Chau_Thanh,T,2.42,WS
0.012384935,0.014994441,0.063880429,0.239738047,0.051495493,0.224743607,0.032036074,0.121610349,0.01653429,0.062025303,3.796044115,0.380833582,Chau_Thanh,T,2.42,WS
0.00670831,0.057338297,0.134656876,0.287169605,0.127948566,0.229831308,0.042460141,0.163292908,0.031392025,0.086782597,3.845792878,0.374983985,Chau_Thanh,T,1.76,WS
0.004948271,0.011271428,0.036810804,0.176105216,0.031862533,0.164833788,0.019162178,0.084710675,0.010781187,0.059289801,4.420722748,0.316937916,Chau_Thanh,D,1.375,WS
0.008827024,0.035568658,0.092458002,0.456559688,0.083630978,0.42099103,0.040490928,0.14137305,0.026328223,0.107077892,3.491474723,0.420219838,Chau_Thanh,T,2.75,WS
0.003586878,0.018369334,0.151493698,0.326506793,0.14790682,0.30813746,0.046078534,0.132026135,0.043064074,0.100584896,2.86524163,0.526374714,Chau_Thanh,T,1.32,WS
0.007601727,0.018444905,0.104285486,0.315668434,0.096683759,0.297223529,0.033370269,0.135609963,0.027622909,0.087463567,4.06379594,0.351031182,Chau_Thanh,T,1.54,WS
0.002855062,0.00999416,0.058529954,0.19914946,0.055674892,0.189155299,0.025094978,0.096986269,0.01817117,0.073900213,3.864768107,0.372792165,Chau_Thanh,T,2.53,WS
0.002872575,0.007869001,0.065107033,0.265923828,0.062234458,0.258054827,0.023471757,0.09530228,0.017260656,0.086078228,4.060296035,0.351395426,Chau_Thanh,T,1.43,WS
0.003586754,0.014661493,0.119225658,0.400509536,0.115638905,0.385848043,0.031178114,0.121623365,0.031165103,0.140970452,3.900921119,0.368674774,Chau_Thanh,T,2.2,WS
0.003173752,0.007605709,0.077269629,0.499930084,0.074095876,0.492324375,0.031488069,0.162293519,0.023055375,0.138603973,5.154127362,0.262005418,Chau_Thanh,D,1.76,WS
0.004708841,0.039532319,0.096080452,0.54272449,0.091371611,0.503192171,0.037875697,0.150526608,0.028606284,0.122737233,3.974226741,0.360555085,Chau_Thanh,T,1.87,WS
0.00512033,0.033323199,0.196366683,0.573906779,0.191246353,0.540583581,0.041004022,0.141348238,0.050379235,0.15530629,3.447179796,0.426513674,Chau_Thanh,T,1.43,WS
0.002737954,0.01728894,0.071605071,0.35289222,0.068867117,0.33560328,0.02449855,0.129222498,0.018158595,0.111952236,5.27469978,0.254489908,Chau_Thanh,T,3.3,WS
0.005545507,0.022657972,0.05348742,0.23193486,0.047941913,0.209276889,0.022736317,0.129534316,0.015361438,0.058517302,5.697242722,0.23078944,Chau_Thanh,T,1.87,WS
0.004427987,0.042948361,0.072959654,0.515184641,0.068531667,0.472236279,0.030552537,0.201916326,0.018404452,0.142690806,6.608823501,0.19058281,Chau_Thanh,T,1.54,WS
0.008145965,0.02522389,0.099463403,0.341625929,0.091317439,0.316402039,0.02801691,0.117224862,0.026104838,0.09726676,4.184075414,0.33888553,Chau_Thanh,T,2.2,WS
0.004774102,0.03600733,0.117546141,0.525436521,0.11277204,0.489429191,0.037911058,0.181694409,0.034775898,0.158920634,4.792649439,0.286908967,Chau_Thanh,T,1.32,WS
0.005267292,0.039006099,0.088679269,0.327129871,0.083411977,0.288123772,0.025854049,0.140777373,0.022115849,0.074786503,5.4450803,0.244465452,Chau_Thanh,T,2.09,WS
0.009672138,0.051690049,0.078110658,0.434396327,0.06843852,0.382706277,0.029200852,0.18884154,0.018598171,0.110427211,6.466987325,0.196038725,Chau_Thanh,T,2.2,WS
0.006375004,0.02523425,0.045477435,0.183064118,0.039102431,0.157829868,0.021109609,0.089838085,0.012960026,0.05431637,4.255791116,0.331973064,Chau_Thanh,T,2.2,WS
0.002705174,0.029841356,0.095709339,0.416952133,0.093004165,0.387110777,0.031207659,0.146969221,0.025164781,0.115927387,4.709395886,0.293207284,Chau_Thanh,T,3.3,WS
0.004202645,0.047537491,0.058230203,0.404588461,0.054027558,0.35705097,0.028505029,0.145736465,0.018522117,0.095797225,5.112657963,0.264676174,Chau_Thanh,T,1.43,WS
0.003097518,0.020558547,0.100499697,0.552209377,0.097402179,0.53165083,0.032703282,0.168413143,0.030495382,0.175662636,5.149732141,0.262286351,Chau_Thanh,T,2.53,WS
0.009965478,0.0512711,0.107663907,0.443740845,0.09769843,0.392469745,0.039854865,0.193843005,0.025535232,0.127732206,4.863722578,0.281708447,Chau_Thanh,T,2.035,WS
0.003709384,0.013915059,0.107638605,0.36595732,0.103929221,0.352042261,0.024996016,0.114187319,0.02482019,0.090164771,4.568220795,0.304428508,Chau_Thanh,T,3.08,WS
0.002519131,0.014334392,0.047539841,0.270036608,0.04502071,0.255702216,0.023160381,0.098043123,0.014082063,0.072165857,4.233225801,0.334122545,Chau_Thanh,T,2.2,WS
0.002703634,0.038807973,0.073683314,0.468604326,0.07097968,0.429796353,0.032861067,0.142613123,0.019993792,0.11768202,4.339881125,0.324162377,Chau_Thanh,T,2.2,WS
0.001790036,0.01176511,0.058141246,0.239171132,0.056351211,0.227406022,0.023386036,0.105570955,0.017133258,0.074797211,4.514273231,0.308906871,Chau_Thanh,T,1.65,WS
0.005578297,0.016784579,0.101273209,0.782475471,0.095694912,0.765690893,0.034894468,0.213379543,0.02594978,0.209397787,6.114996323,0.210764747,Chau_Thanh,T,1.65,WS
0.002603204,0.015225072,0.111163154,0.294874489,0.10855995,0.279649417,0.032090375,0.095040134,0.027249963,0.081207667,2.961639893,0.507279716,Chau_Thanh,T,1.32,WS
0.005910662,0.008688922,0.066690885,0.587979794,0.060780223,0.579290872,0.024814813,0.166135068,0.020341844,0.171880496,6.694995747,0.187390433,Chau_Thanh,T,2.09,WS
0.00496083,0.032049593,0.060408466,0.341150999,0.055447635,0.309101406,0.029477377,0.136563903,0.017416381,0.094722964,4.632837689,0.299205199,Chau_Thanh,T,3.85,WS
0.003089032,0.017841639,0.076500796,0.293345898,0.073411764,0.275504259,0.026996126,0.119992952,0.023988735,0.087814358,4.444821102,0.314836133,Chau_Thanh,T,1.87,WS
0.003918393,0.030210998,0.059196129,0.440961868,0.055277736,0.41075087,0.028227725,0.145020776,0.01638785,0.113914414,5.13752965,0.263068947,Chau_Thanh,T,1.32,WS
0.00112533,0.00939844,0.059077296,0.217401341,0.057951966,0.208002901,0.019955988,0.103189633,0.016906046,0.080546411,5.170860623,0.260940437,Chau_Thanh,T,1.65,WS
0.005115161,0.029186169,0.062861681,0.261725903,0.05774652,0.232539734,0.024676184,0.097067815,0.016542914,0.066421453,3.933663923,0.365010744,Chau_Thanh,T,1.87,WS
0.003036781,0.038491596,0.068043359,0.765072644,0.065006577,0.726581048,0.027569775,0.169539846,0.018827633,0.182451556,6.149482454,0.209241625,Chau_Thanh,T,4.4,WS
0.001212289,0.011751458,0.068203062,0.239753857,0.066990773,0.228002399,0.027776608,0.08898135,0.023431192,0.061783672,3.20346353,0.464140072,Chau_Thanh,T,1.76,WS
0.003053609,0.007271537,0.127587661,0.515650213,0.124534052,0.508378676,0.02910947,0.143917141,0.032189466,0.143848246,4.943997293,0.276020976,Chau_Thanh,T,3.3,WS
0.002424443,0.023229005,0.05242357,0.356913567,0.049999127,0.333684562,0.017158083,0.097403762,0.011984886,0.098955305,5.676844198,0.231847879,Chau_Thanh,T,1.43,WS
0.001979047,0.010389294,0.059046369,0.207895458,0.057067322,0.197506163,0.018778684,0.077191611,0.017067322,0.070737169,4.110597541,0.346220253,Chau_Thanh,D,3.3,WS
0.013057902,0.023255885,0.121881381,0.274848521,0.108823479,0.251592636,0.03389084,0.126123597,0.029265069,0.084908488,3.721465624,0.389892376,Chau_Thanh,D,4.4,WS
0.006385788,0.019492539,0.076985538,0.44550392,0.07059975,0.426011382,0.02269577,0.132396329,0.018179826,0.122739431,5.833524382,0.223919991,Chau_Thanh,T,1.65,WS
0.005324437,0.036356699,0.070569061,0.391498238,0.065244624,0.355141539,0.027203642,0.138556705,0.018398468,0.102391121,5.093314446,0.265937515,Chau_Thanh,T,1.98,WS
0.001902553,0.013150566,0.084688045,0.285818458,0.082785492,0.272667891,0.025120448,0.091743583,0.023051265,0.069630813,3.652147536,0.398638989,Chau_Thanh,T,2.64,WS
0.002751317,0.031451628,0.099323541,0.365709275,0.096572224,0.334257647,0.040026284,0.146625623,0.031009209,0.089591887,3.663233457,0.397218305,Chau_Thanh,T,1.43,WS
0.002352061,0.027442923,0.090928957,0.187917039,0.088576896,0.160474116,0.025694489,0.087874852,0.025713589,0.044911485,3.419988339,0.430455544,Chau_Thanh,T,5.5,WS
0.004779944,0.004084185,0.049434543,0.329307556,0.044654598,0.325223371,0.021806285,0.099094065,0.012699655,0.09711737,4.544289081,0.306401715,Chau_Thanh,T,2.75,WS
0.005545245,0.023857376,0.053270437,0.487680674,0.047725192,0.463823298,0.023829777,0.145280948,0.014838153,0.125005008,6.096613941,0.211584194,Chau_Thanh,T,2.53,WS
0.002135815,0.015168801,0.061054695,0.497067153,0.05891888,0.481898353,0.022386608,0.120826221,0.017402507,0.144684023,5.397254574,0.247211996,Chau_Thanh,D,1.87,WS
0.004665504,0.033531059,0.089079812,0.373167425,0.084414308,0.339636367,0.027071345,0.120497663,0.025792194,0.088383379,4.45111481,0.314291038,Chau_Thanh,D,2.75,WS
0.001151867,0.008586668,0.058240522,0.144919947,0.057088654,0.136333278,0.014609529,0.05139584,0.014662416,0.042882066,3.517966998,0.41652916,Chau_Thanh,D,3.3,WS
0.003322878,0.016380996,0.094764143,0.243865386,0.091441265,0.22748439,0.027813903,0.115210803,0.025070064,0.070592158,4.142202004,0.343033308,Chau_Thanh,D,1.21,WS
0.002043685,0.038911253,0.203683034,0.574920118,0.201639348,0.536008865,0.041846082,0.190162545,0.05130006,0.151844454,4.544333282,0.306398051,Chau_Thanh,T,3.08,WS
0.004201757,0.020000674,0.051375732,0.271249831,0.047173975,0.251249157,0.027939526,0.106201714,0.014617157,0.07993607,3.801128014,0.380228847,Chau_Thanh,T,5.5,WS
0.006429868,0.038151979,0.041924696,0.341802388,0.035494829,0.303650409,0.02065572,0.100876193,0.01127578,0.07810245,4.883692816,0.280275416,Chau_Thanh,T,1.65,WS
0.003655958,0.013627985,0.055874597,0.255601197,0.05221864,0.241973212,0.025641648,0.10439341,0.018585851,0.07550142,4.071244162,0.350258118,Chau_Thanh,T,1.65,WS
0.007138833,0.030535657,0.145953387,0.334720939,0.138814554,0.304185282,0.032612421,0.115205298,0.035073306,0.09696726,3.532558893,0.414519349,Chau_Thanh,T,2.2,WS
0.003519109,0.028223826,0.053973731,0.736710727,0.050454621,0.708486902,0.026852459,0.177858384,0.014101334,0.179811668,6.623541783,0.190031158,Chau_Thanh,T,1.54,WS
0.003354599,0.041386038,0.110489145,0.769560874,0.107134546,0.728174835,0.037560637,0.174417832,0.02616972,0.185488455,4.643633519,0.298347075,Chau_Thanh,T,3.3,WS
0.002272002,0.065329917,0.062112615,0.394212306,0.059840613,0.328882389,0.027569374,0.184818608,0.018502427,0.108648363,6.703765132,0.187070558,Chau_Thanh,T,2.75,WS
0.003905212,0.024886742,0.095832825,0.396637231,0.091927613,0.371750489,0.026457879,0.14114402,0.0226033,0.112700636,5.334668724,0.250884672,Chau_Thanh,T,3.245,WS
0.002478983,0.019253047,0.072518371,0.365216285,0.070039388,0.345963238,0.024138125,0.12808192,0.019847235,0.093217485,5.306208298,0.252584981,Chau_Thanh,T,1.98,WS
0.002263339,0.014016504,0.064354055,0.464572281,0.062090715,0.450555776,0.021684967,0.146652247,0.017472545,0.12917989,6.762853113,0.184938759,Chau_Thanh,T,2.2,WS
0.003103566,0.047031302,0.115587287,0.429083973,0.11248372,0.382052671,0.038601371,0.181421717,0.032032085,0.123581288,4.699877502,0.293942043,Chau_Thanh,T,1.87,WS
0.00617838,0.023503711,0.079587556,0.580848873,0.073409176,0.557345161,0.031591475,0.142667511,0.023336876,0.171816457,4.516013004,0.308760737,Chau_Thanh,T,5.5,WS
0.003351054,0.024067204,0.102938339,0.490178525,0.099587285,0.466111321,0.034417454,0.169071813,0.025646348,0.144772837,4.912385811,0.278237615,Chau_Thanh,T,1.65,WS
0.002668071,0.033190846,0.128828406,0.368531644,0.126160335,0.335340798,0.027252166,0.111707517,0.031525125,0.082376183,4.099032631,0.347398792,Chau_Thanh,D,2.75,WS
0.004309908,0.022304552,0.059886955,0.312116116,0.055577047,0.289811565,0.02010577,0.104365591,0.01435232,0.087760742,5.190827835,0.259679043,Chau_Thanh,T,2.09,WS
0.0022819,0.020538149,0.253691256,0.368369728,0.251409356,0.347831579,0.035622658,0.112651212,0.062126626,0.09369425,3.162347192,0.471034304,Chau_Thanh,T,1.54,WS
0.002601171,0.025269561,0.07425151,0.362529904,0.071650339,0.337260343,0.028900171,0.126510593,0.019992047,0.098024966,4.377503271,0.320766471,Chau_Thanh,T,1.43,WS
0.002400151,0.020432474,0.070542596,0.364794433,0.068142446,0.344361959,0.023147057,0.129439477,0.019091223,0.085073945,5.592049041,0.23633571,Chau_Thanh,T,1.54,WS
0.003251235,0.010472732,0.081936784,0.366088599,0.078685549,0.355615867,0.019511263,0.101194581,0.021264783,0.089048886,5.186470047,0.25995347,Chau_Thanh,D,1.32,WS
0.008933513,0.033458587,0.076513939,0.712589502,0.067580425,0.679130916,0.028010107,0.170889344,0.020266173,0.165767107,6.100988598,0.2113887,Chau_Thanh,T,1.32,WS
0.009886035,0.04717635,0.137218073,0.546721101,0.127332038,0.499544751,0.036985269,0.192092202,0.034170578,0.148648184,5.193748936,0.259495359,Chau_Thanh,T,3.3,WS
0.002647465,0.026801789,0.09952978,0.43060869,0.096882316,0.403806901,0.025849883,0.137697214,0.02406162,0.118570509,5.326802129,0.251352734,Chau_Thanh,T,1.87,WS
0.006157349,0.023694739,0.063515693,0.432046235,0.057358344,0.408351496,0.025665778,0.126385749,0.016915054,0.132396865,4.924290555,0.277399367,Chau_Thanh,T,1.32,WS
0.003466241,0.00827644,0.099848725,0.250783712,0.096382484,0.242507271,0.03460481,0.099004084,0.030702203,0.069095525,2.860991989,0.527243993,Chau_Thanh,D,2.31,WS
0.005937586,0.042530287,0.13101773,0.39022854,0.125080144,0.347698253,0.030444463,0.152824103,0.030087099,0.108160684,5.019766687,0.270826092,Chau_Thanh,T,1.65,WS
0.003744082,0.034702353,0.092325278,0.382191032,0.088581196,0.347488679,0.026514866,0.111170757,0.02270436,0.111911597,4.19277088,0.338034674,Chau_Thanh,T,1.43,WS
0.002580223,0.021181647,0.140594214,0.450952321,0.138013991,0.429770675,0.033745556,0.131198419,0.032993662,0.115100635,3.887872506,0.370152074,Chau_Thanh,T,1.98,WS
0.004744206,0.013167308,0.053902019,0.463757396,0.049157813,0.450590088,0.023932304,0.092504912,0.015116262,0.115799296,3.865274048,0.372734017,Chau_Thanh,T,1.54,WS
0.002675761,0.028242756,0.119251244,0.267427385,0.116575483,0.239184629,0.02906975,0.116266666,0.027341596,0.088030422,3.999575678,0.357816424,Chau_Thanh,T,2.09,WS
0.004514562,0.042303439,0.055967227,0.524242461,0.051452665,0.481939021,0.022599674,0.179472085,0.015346087,0.16040714,7.941357239,0.149608001,Chau_Thanh,T,1.54,WS
0.001339345,0.0152435,0.081667379,0.334219813,0.080328034,0.318976313,0.034520897,0.109840151,0.02637625,0.080402609,3.18184518,0.467743828,Chau_Thanh,T,1.65,WS
0.004012236,0.021407584,0.094562061,0.255227834,0.090549825,0.23382025,0.021679905,0.106671899,0.024143147,0.079406297,4.920312089,0.277679034,Chau_Thanh,D,2.75,WS
0.003281018,0.014986158,0.094642282,0.298555702,0.091361263,0.283569544,0.032227751,0.122011529,0.023905673,0.092956986,3.785915147,0.382043223,Chau_Thanh,T,3.08,WS
0.003058965,0.014863146,0.060013495,0.176665738,0.05695453,0.161802593,0.0189517,0.097971064,0.016304722,0.051707548,5.169513221,0.261025924,Chau_Thanh,T,1.65,WS
0.006122692,0.011893534,0.043943118,0.804761052,0.037820426,0.792867518,0.020068663,0.126830261,0.01284824,0.196097309,6.319816083,0.201980637,Chau_Thanh,T,2.53,WS
0.004732648,0.05075084,0.06780114,0.444942743,0.063068492,0.394191902,0.023237464,0.165873117,0.017965935,0.124379604,7.138176387,0.172293679,Chau_Thanh,T,1.32,WS
0.005718769,0.019236084,0.107091971,0.348935932,0.101373202,0.329699848,0.031383884,0.107805539,0.025733803,0.087786006,3.435060418,0.428263124,Chau_Thanh,T,1.65,WS
0.003816318,0.021650963,0.103735909,0.431329221,0.099919591,0.409678258,0.030389096,0.14741773,0.030914255,0.146569248,4.85100748,0.282627236,Chau_Thanh,T,5.83,WS
0.001765033,0.006876808,0.132348657,0.761051595,0.130583624,0.754174787,0.034828601,0.17210602,0.034307976,0.190959653,4.941514019,0.27619404,Chau_Thanh,T,1.87,WS
0.002143819,0.006847736,0.120573327,0.559363127,0.118429508,0.552515391,0.034262499,0.130388162,0.033850016,0.160326571,3.805564801,0.379702393,Chau_Thanh,T,2.53,WS
0.002732015,0.019292053,0.064926103,0.612215757,0.062194088,0.592923705,0.025606015,0.139790318,0.017979795,0.162349283,5.459276577,0.243659961,Chau_Thanh,T,2.64,WS
0.003788682,0.012322571,0.053687084,0.527235031,0.049898402,0.51491246,0.022484986,0.130822697,0.014978485,0.154800886,5.818224462,0.22467412,Chau_Thanh,T,3.3,WS
0.003166952,0.019095065,0.116292194,1.889616728,0.113125241,1.870521663,0.029435949,0.236521407,0.029710618,0.468008664,8.035120895,0.147285176,Chau_Thanh,T,1.98,WS
0.002139268,0.008498935,0.090193368,0.343214959,0.0880541,0.334716024,0.028691184,0.101623689,0.023799064,0.08169069,3.541983049,0.41322989,Chau_Thanh,T,4.4,WS
0.005425984,0.038378619,0.061460327,0.272740394,0.056034344,0.234361775,0.026629116,0.116413228,0.013782026,0.070558907,4.371651913,0.321290732,Chau_Thanh,T,6.05,WS
0.00277406,0.020937849,0.189039022,0.571007013,0.186264962,0.550069164,0.034563996,0.152336204,0.047910687,0.163568738,4.407366661,0.318112887,Chau_Thanh,T,1.98,WS
0.00431249,0.026413398,0.089316033,0.27368024,0.085003543,0.247266842,0.033048397,0.088560931,0.027103761,0.065025072,2.679734571,0.566676564,Chau_Thanh,T,1.76,WS
0.003407814,0.01451209,0.114796951,0.434594899,0.111389138,0.420082809,0.023354663,0.12423661,0.029876871,0.117441167,5.31956337,0.251784726,Chau_Thanh,T,6.6,WS
0.003712831,0.009307716,0.05027888,0.4082416,0.046566048,0.398933884,0.028867271,0.154397051,0.013614467,0.127478754,5.348515576,0.250064307,Chau_Thanh,T,1.98,WS
0.004031589,0.010251451,0.056688312,0.529142559,0.052656723,0.518891107,0.026263363,0.139826631,0.017632002,0.132991846,5.324018573,0.251518704,Chau_Thanh,T,3,WS
0.002891724,0.010502452,0.110490233,0.862279236,0.107598509,0.851776784,0.030219801,0.18067183,0.028845784,0.240355103,5.978591056,0.216974336,Chau_Thanh,T,1.3,WS
0.002254158,0.006880061,0.105299503,0.379147917,0.103045344,0.372267856,0.031117098,0.105684577,0.029539532,0.098290739,3.396350721,0.433931817,Chau_Thanh,T,5,WS
0.002425337,0.007643928,0.039118573,0.425014228,0.036693236,0.4173703,0.018779538,0.113833844,0.012194783,0.107079917,6.061589143,0.2131603,Chau_Thanh,T,1.5,WS
0.007884678,0.024396751,0.046558362,0.307828069,0.038673683,0.283431318,0.022022797,0.100459477,0.012228107,0.082262586,4.561612993,0.304971211,Chau_Thanh,T,3.5,WS
0.003494729,0.040625915,0.065125875,0.367192477,0.061631147,0.326566562,0.03208499,0.162158709,0.019940571,0.09223311,5.054036401,0.268529776,Chau_Thanh,T,4,WS
0.003217854,0.019963002,0.049068891,0.297312647,0.045851037,0.277349645,0.022483732,0.098176622,0.014129479,0.078849771,4.36656258,0.32174788,Chau_Thanh,T,2,WS
0.008162012,0.01645535,0.134673655,0.757654309,0.126511643,0.741198959,0.029025625,0.17492352,0.033868899,0.205781091,6.026520403,0.214758086,Chau_Thanh,T,2.5,WS
0.015689986,0.018394791,0.070211321,0.336019933,0.054521335,0.317625143,0.035859761,0.136653745,0.018024136,0.08212649,3.81078236,0.379084848,Chau_Thanh,T,3.2,WS
0.006860955,0.025030805,0.0722128,0.58469069,0.065351845,0.559659885,0.027299762,0.122334416,0.01943617,0.15048889,4.481153211,0.311710964,Chau_Thanh,T,5,WS
0.001799543,0.038122308,0.054862052,0.24774842,0.053062509,0.209626112,0.022373002,0.128613964,0.016508422,0.06887993,5.748623571,0.228158779,Chau_Thanh,T,2.8,WS
0.00634929,0.014779344,0.103970028,0.355693519,0.097620739,0.340914175,0.034952979,0.127565292,0.033759541,0.10144284,3.649625688,0.398963351,Chau_Thanh,T,2.2,WS
0.005446982,0.037189223,0.073373623,0.604132235,0.067926642,0.566943012,0.02940048,0.214053517,0.021646465,0.1911893,7.280613131,0.167867356,Thoai_Son,T,2.3,SA
0.005940974,0.02515097,0.123197354,0.364480317,0.11725638,0.339329347,0.039656524,0.164317381,0.030296664,0.090833375,4.143514497,0.342902016,Thoai_Son,T,1.7,SA
0.003319636,0.029431943,0.102226391,0.433658034,0.098906755,0.404226091,0.026551141,0.135432557,0.025210757,0.114262996,5.100818765,0.26544699,Thoai_Son,D,2.9,SA
0.002691785,0.011073302,0.165996194,0.389189988,0.163304409,0.378116687,0.034237238,0.12681998,0.044915075,0.109775585,3.704153304,0.39204669,Thoai_Son,D,1.26,SA
0.005195231,0.020179151,0.174477696,0.560908794,0.169282466,0.540729644,0.038473236,0.179641016,0.044932633,0.171849034,4.669246345,0.296327528,Thoai_Son,D,2,SA
0.006133956,0.00803266,0.072145537,0.562833309,0.066011581,0.554800649,0.027939647,0.128445492,0.017362887,0.145750569,4.597248169,0.302063428,Thoai_Son,D,1.87,SA
0.006089622,0.022104515,0.066956609,0.630249381,0.060866988,0.608144866,0.022623005,0.155840721,0.015284297,0.178379511,6.888595133,0.180534618,Thoai_Son,D,3,SA
0.004192877,0.018279077,0.064510934,0.463169158,0.060318057,0.44489008,0.026431099,0.144086557,0.018163489,0.150526473,5.451402438,0.244106189,Thoai_Son,D,1.4,SA
0.003421467,0.014470599,0.097843476,0.272171646,0.094422008,0.257701048,0.032398112,0.137648571,0.02549927,0.071142595,4.248660303,0.33264982,Thoai_Son,D,2.1,SA
0.004237165,0.029913487,0.198566422,0.307629675,0.194329257,0.277716188,0.041425742,0.12047974,0.050284172,0.074396225,2.908330302,0.517693964,Thoai_Son,T,4,SA
0.005649735,0.020426827,0.121112898,0.607753098,0.115463163,0.587326271,0.036995369,0.148769448,0.033963882,0.193864781,4.021299154,0.355496924,Thoai_Son,D,1.52,SA
0.003888283,0.024987863,0.078370102,0.295447648,0.074481819,0.270459784,0.030000629,0.144403909,0.024794331,0.097278955,4.813362685,0.285376931,Thoai_Son,T,2.1,SA
0.004152054,0.017881343,0.053779412,0.544347525,0.049627358,0.526466182,0.023624716,0.122717332,0.014280048,0.132322936,5.194446969,0.259451498,Thoai_Son,T,2.1,SA
0.003655516,0.010868351,0.10918662,0.525593758,0.105531103,0.514725407,0.037465787,0.165989569,0.029785024,0.161390912,4.430430588,0.316088424,Thoai_Son,T,1.65,SA
0.00464848,0.019474287,0.127744719,0.797632635,0.123096239,0.778158348,0.030302985,0.166959766,0.032299505,0.216448777,5.509680593,0.240835482,Thoai_Son,T,4,SA
0.0071251,0.015804641,0.094931729,0.578461349,0.087806629,0.562656708,0.031067931,0.146699558,0.022960809,0.153685692,4.721896666,0.292246942,Thoai_Son,T,5,SA
0.006383189,0.023180928,0.115046702,0.72784692,0.108663513,0.704665992,0.029114026,0.189962225,0.030128771,0.21972195,6.524766585,0.193785127,Thoai_Son,T,3,SA
0.003392899,0.020650534,0.072979562,0.625135362,0.069586663,0.604484828,0.025763869,0.173309243,0.018027533,0.192928793,6.726832892,0.18623346,Thoai_Son,T,2,SA
0.005470062,0.017055618,0.107600309,0.36968255,0.102130247,0.352626933,0.037821191,0.12155974,0.027845175,0.112314372,3.214064354,0.462389801,Thoai_Son,T,2.95,SA
0.004369489,0.007407082,0.057565283,0.404217064,0.053195794,0.396809982,0.026744271,0.116101954,0.01657245,0.114424625,4.34118967,0.324043259,Thoai_Son,T,1.5,SA
0.004725656,0.010394921,0.124786362,0.414191425,0.120060706,0.403796504,0.037666767,0.142708628,0.034242583,0.125102849,3.788714568,0.381708265,Thoai_Son,T,2.04,SA
0.002354882,0.011986435,0.058788437,0.55952841,0.056433555,0.547541975,0.024359001,0.129445515,0.017441103,0.142869028,5.314073268,0.252113189,Thoai_Son,T,3,SA
0.003737214,0.012080869,0.06846635,0.329724431,0.064729136,0.317643562,0.029786898,0.082408264,0.020870494,0.088786152,2.766594374,0.547188185,Thoai_Son,T,3.5,SA
0.004992963,0.022577511,0.095491521,0.841464341,0.090498558,0.81888683,0.029072475,0.164522704,0.023207237,0.228303388,5.659053919,0.232777604,Thoai_Son,T,1.5,SA
0.002908987,0.006399915,0.069126956,0.417484641,0.066217969,0.411084726,0.026593159,0.153265347,0.020587455,0.157123775,5.763337441,0.227414634,Thoai_Son,T,2,SA
0.002613604,0.020061849,0.053724121,0.251888126,0.051110517,0.231826277,0.025210613,0.078785566,0.014597839,0.064264467,3.125095278,0.477429242,Thoai_Son,T,5,SA
0.005429611,0.013867974,0.105058663,0.368395627,0.099629052,0.354527652,0.036105964,0.133705931,0.030534171,0.104257052,3.703153583,0.392171699,Thoai_Son,T,2.1,SA
0.002725364,0.016253497,0.19255574,0.281706959,0.189830376,0.265453462,0.035010983,0.117606432,0.047490704,0.088629055,3.359129666,0.439501448,Thoai_Son,T,1.39,SA
0.003905709,0.014615952,0.152056307,0.301254451,0.148150597,0.286638499,0.035843454,0.131802679,0.040569024,0.087597835,3.677175742,0.395443516,Thoai_Son,T,2.1,SA
0.00377791,0.012406521,0.047000449,0.343596548,0.043222539,0.331190027,0.023377306,0.115356679,0.016666438,0.113679162,4.934558391,0.276679754,Thoai_Son,T,1.91,SA
0.002931404,0.010495469,0.086169347,0.532823861,0.083237943,0.522328392,0.030721644,0.137655783,0.025545237,0.137351459,4.4807427,0.311745986,Thoai_Son,T,1.5,SA
0.002188403,0.016561946,0.05229054,0.260098934,0.050102137,0.243536988,0.022662897,0.089197974,0.017103746,0.077886381,3.93585926,0.36476725,Thoai_Son,T,2.3,SA
0.00600259,0.022674846,0.06642621,0.76874727,0.06042362,0.746072425,0.040956494,0.233951429,0.01642691,0.205225404,5.712193793,0.230018762,Thoai_Son,T,1.5,SA
0.004050686,0.026922965,0.058633581,0.276089102,0.054582895,0.249166137,0.023078527,0.119585713,0.016012621,0.081949324,5.181687301,0.260255216,Thoai_Son,T,2,SA
0.007013141,0.031259041,0.158752307,0.368329465,0.151739167,0.337070424,0.033456802,0.119172467,0.038038899,0.087608778,3.561980189,0.410515821,Thoai_Son,T,1.62,SA
0.002842985,0.005975254,0.075226061,0.447511464,0.072383076,0.44153621,0.024176186,0.140154651,0.020823843,0.137974578,5.797219219,0.22571638,Thoai_Son,T,2,SA
0.004263587,0.016885743,0.072314799,0.408765763,0.068051212,0.39188002,0.026915407,0.120751491,0.019322542,0.128727214,4.486333439,0.31126959,Thoai_Son,T,1.52,SA
0.003839721,0.016324291,0.077054568,0.582660198,0.073214846,0.566335907,0.027304017,0.188556921,0.025056568,0.163811505,6.905830869,0.179944556,Thoai_Son,T,2.3,SA
0.004157765,0.012513257,0.104409322,0.306115568,0.100251557,0.293602311,0.032246124,0.096609491,0.026012988,0.076065557,2.996003215,0.500750334,Thoai_Son,T,2.1,SA
0.006601654,0.023654098,0.044140901,0.26652208,0.037539247,0.242867982,0.022393165,0.096756749,0.011230865,0.075209849,4.320816158,0.325906191,Thoai_Son,T,2.1,SA
0.001597528,0.014029099,0.063439734,0.285416424,0.061842206,0.271387326,0.019965427,0.129248633,0.017310409,0.086144812,6.47362215,0.195777729,Thoai_Son,T,3,SA
0.002193972,0.02839967,0.042941835,0.335796297,0.040747863,0.307396626,0.020743681,0.096294501,0.012876504,0.087704143,4.642112447,0.298467732,Thoai_Son,T,3.6,SA
0.001845906,0.015433003,0.065593563,0.311884582,0.063747657,0.296451579,0.030199213,0.113572645,0.021159302,0.096041023,3.760781643,0.385072582,Thoai_Son,T,3.5,SA
0.003575537,0.006232943,0.051391847,0.720245481,0.04781631,0.714012537,0.028719529,0.159731548,0.016584671,0.190346371,5.561774586,0.237973189,Thoai_Son,T,6,SA
0.003893794,0.020635441,0.070552245,0.407134235,0.066658451,0.386498794,0.021614142,0.119087881,0.018187647,0.123767707,5.509720384,0.240833274,Thoai_Son,T,4,SA
0.001663298,0.010669308,0.06738162,0.316689998,0.065718322,0.30602069,0.022964527,0.131434713,0.018789482,0.108646853,5.723379981,0.229444952,Thoai_Son,T,3,SA
0.002275252,0.003171439,0.133937091,0.337968469,0.131661838,0.33479703,0.032294244,0.138089951,0.033820758,0.116322891,4.275992648,0.330068226,Thoai_Son,T,6,SA
0.002488436,0.01086971,0.118191816,0.229121044,0.11570338,0.218251335,0.029811227,0.081638853,0.029201683,0.066505,2.738527113,0.553361818,Thoai_Son,T,4,SA
0.003916934,0.008936022,0.045156598,0.364567429,0.041239664,0.355631406,0.019740461,0.097092818,0.011856116,0.096058348,4.918467647,0.277808849,Thoai_Son,T,2.2,SA
0.00312625,0.013886711,0.091570526,1.055611968,0.088444276,1.041725257,0.032066192,0.166298164,0.025396545,0.266366362,5.186090144,0.259977417,Thoai_Son,T,2.2,SA
0.004885762,0.027370563,0.056090944,0.297145784,0.051205182,0.269775221,0.025567631,0.115115468,0.015109903,0.077182416,4.502390864,0.309908034,Thoai_Son,T,2,SA
0.00220328,0.007298105,0.063275263,0.415662825,0.061071982,0.40836472,0.026986706,0.163346937,0.018476459,0.126727403,6.05286679,0.213555848,Thoai_Son,T,5,SA
0.002345601,0.018461885,0.051186379,0.521412969,0.048840778,0.502951084,0.02121716,0.140311712,0.012845794,0.139317214,6.613124215,0.19042134,Thoai_Son,T,1.5,SA
0.003964379,0.016427267,0.092261069,0.500965953,0.08829669,0.484538686,0.033518988,0.13750192,0.026522858,0.126293442,4.102209736,0.347074359,Thoai_Son,T,3.3,SA
0.001881711,0.013116619,0.091824986,0.253958195,0.089943275,0.240841577,0.023292683,0.075771015,0.023076087,0.068404267,3.252996456,0.456055251,Thoai_Son,T,3.2,SA
0.001372245,0.014483554,0.158659354,0.400935382,0.157287109,0.386451827,0.027832368,0.084094971,0.039339717,0.096638346,3.021481042,0.495999174,Thoai_Son,T,1.88,SA
0.003234166,0.007878173,0.087107651,0.297478765,0.083873485,0.289600592,0.031919217,0.121228764,0.025951326,0.093953065,3.797986804,0.380602308,Thoai_Son,T,2.3,SA
0.002956208,0.014542447,0.087297916,0.771704853,0.084341709,0.757162405,0.029102642,0.192860521,0.022399212,0.201860812,6.626907615,0.189905377,Thoai_Son,T,3,SA
0.002049714,0.012256547,0.087362662,0.568194449,0.085312948,0.555937902,0.035771286,0.13324683,0.022943019,0.151857949,3.724966123,0.389459178,Thoai_Son,T,5,SA
0.002980549,0.006206508,0.086924054,0.707042575,0.083943505,0.700836067,0.0246301,0.109736362,0.02256785,0.177300661,4.455376173,0.313922857,Thoai_Son,T,2.67,SA
0.001795519,0.00558796,0.060356427,0.472525626,0.058560908,0.466937667,0.027494204,0.092447213,0.01542138,0.118259989,3.362425479,0.439003477,Thoai_Son,T,2.4,SA
0.004398518,0.012783497,0.113812402,0.329845458,0.109413884,0.317061962,0.027356445,0.102585132,0.027867646,0.091574878,3.749943894,0.38639124,Thoai_Son,T,4,SA
0.003570418,0.010756148,0.084988616,0.423049629,0.081418199,0.412293481,0.030523763,0.115072602,0.022514357,0.119831618,3.769935044,0.383964695,Thoai_Son,T,2.1,SA
0.003867886,0.013646398,0.085995279,0.570609748,0.082127393,0.556963351,0.032399517,0.12683481,0.028410273,0.151529883,3.914713021,0.367123974,Thoai_Son,T,3.2,SA
0.004231378,0.014653645,0.078638546,0.501455426,0.074407168,0.486801782,0.027756962,0.128264102,0.020346868,0.127255716,4.620970419,0.300153244,Thoai_Son,T,2,SA
0.004149335,0.014188958,0.060138483,0.350302726,0.055989148,0.336113768,0.023131813,0.081886569,0.01522341,0.091195699,3.539997861,0.413500957,Thoai_Son,T,3,SA
0.002119968,0.011207312,0.087403812,0.32125631,0.085283843,0.310048997,0.033725318,0.126798437,0.026381254,0.093631468,3.759740308,0.385198958,Thoai_Son,T,4,SA
0.001965775,0.006404073,0.045910023,0.15888603,0.043944248,0.152481958,0.017043699,0.04623649,0.012868752,0.038129181,2.712820124,0.559118841,Thoai_Son,T,5,SA
0.003249601,0.020164361,0.051009603,0.191140518,0.047760002,0.170976156,0.019719063,0.085935977,0.013866578,0.057240821,4.358015185,0.322518092,Thoai_Son,T,3.2,SA
0.003794378,0.013854502,0.120853484,0.323625594,0.117059106,0.309771093,0.025395356,0.109373117,0.02930708,0.096317561,4.306815597,0.327196761,Thoai_Son,T,3.6,SA
0.00383989,0.011383747,0.067211553,0.320644706,0.063371664,0.30926096,0.023843537,0.102756992,0.01986919,0.084740403,4.309637133,0.326935988,Thoai_Son,T,1.7,SA
0.004614196,0.011626675,0.149344072,0.416757286,0.144729876,0.405130611,0.043819354,0.130099589,0.040805337,0.122434559,2.968998347,0.505869638,Thoai_Son,T,9,SA
0.004041788,0.015130202,0.061970424,0.421966106,0.057928636,0.406835903,0.025246068,0.110637762,0.017955465,0.111456001,4.382375934,0.320330985,Thoai_Son,T,2.5,SA
0.001704478,0.004920807,0.109152071,0.360796362,0.107447593,0.355875555,0.026846486,0.113349929,0.028420108,0.101917648,4.222151398,0.335185948,Thoai_Son,T,4.9,SA
0.003916014,0.013304688,0.087026782,0.817141533,0.083110769,0.803836845,0.025537526,0.158598143,0.020744124,0.223125049,6.210395791,0.206595727,Thoai_Son,T,5,SA
0.003636251,0.009102287,0.056830842,0.27567324,0.053194591,0.266570954,0.01996414,0.101566784,0.015782738,0.084261256,5.087460937,0.266321182,Thoai_Son,T,4,SA
0.002721783,0.02580083,0.047923815,0.454416275,0.045202032,0.428615445,0.025291401,0.145885029,0.013116456,0.124357307,5.768167278,0.227171249,Thoai_Son,T,1.97,SA
0.003364087,0.025776612,0.082267053,0.520544052,0.078902967,0.49476744,0.027264183,0.154222217,0.02331287,0.145697419,5.656586727,0.232907031,Thoai_Son,T,4.2,SA
0.004402844,0.021997714,0.087455034,0.509776473,0.08305219,0.487778759,0.029451927,0.113276113,0.022161267,0.13175702,3.84613582,0.374944182,Thoai_Son,T,1.72,SA
0.006660426,0.017257826,0.062760614,0.412710398,0.056100188,0.395452572,0.030750718,0.116633029,0.020252871,0.107031215,3.792855445,0.381213696,Thoai_Son,T,7.8,SA
0.00504789,0.016264126,0.04974227,0.168015406,0.04469438,0.15175128,0.021876085,0.082353943,0.013469003,0.04433894,3.764565025,0.384614013,Thoai_Son,T,2,SA
0.002308671,0.016704936,0.045335796,0.654445469,0.043027125,0.637740534,0.020425693,0.139323606,0.012225621,0.177440646,6.820997735,0.182880227,Thoai_Son,T,2,SA
0.005797665,0.009431583,0.074568585,0.319242746,0.068770919,0.309811163,0.030238842,0.137365766,0.01828543,0.083580002,4.542692686,0.306534098,Thoai_Son,T,6.2,SA
0.001097333,0.015724517,0.059224475,0.403349638,0.058127142,0.387625121,0.021297224,0.103379885,0.015223534,0.105360342,4.854148459,0.282399806,Thoai_Son,T,2.5,SA
0.00492135,0.022047469,0.078139208,0.350318521,0.073217859,0.328271052,0.026631963,0.126514442,0.019339847,0.093940433,4.750473798,0.290071158,Thoai_Son,D,2.9,WS
0.002030729,0.013145489,0.039700177,0.246873096,0.037669447,0.233727607,0.015337178,0.094965619,0.009882844,0.075569622,6.191857244,0.207395058,Thoai_Son,D,1.26,WS
0.004205969,0.020324117,0.061292395,0.328443497,0.057086426,0.308119381,0.025621823,0.133207381,0.017360574,0.100857079,5.198981393,0.259166875,Thoai_Son,D,2,WS
0.003065564,0.033720635,0.128299296,0.292892158,0.125233731,0.259171523,0.030901933,0.127573945,0.029514732,0.078217529,4.128348402,0.34442424,Thoai_Son,D,3.6,WS
0.003379622,0.008015702,0.130019307,0.609362602,0.126639685,0.6013469,0.035415838,0.115911486,0.037480988,0.153801804,3.272871459,0.452876983,Thoai_Son,D,2.2,WS
0.007176657,0.037195943,0.035871197,0.526784539,0.02869454,0.489588596,0.019099983,0.133226716,0.008772379,0.128669263,6.975227052,0.177601,Thoai_Son,D,1.87,WS
0.006936224,0.058006115,0.061896995,0.283126056,0.054960771,0.225119941,0.028933549,0.119453155,0.014727207,0.065072264,4.128534462,0.344405497,Thoai_Son,T,4,WS
0.004360193,0.029283095,0.050276421,0.443212092,0.045916228,0.413928997,0.025704616,0.163397377,0.015019389,0.125430039,6.356732958,0.200462205,Thoai_Son,T,2.3,WS
0.002886508,0.017185139,0.101309888,0.396422952,0.09842338,0.379237814,0.028438887,0.099017132,0.025618526,0.096961468,3.481751257,0.421588123,Thoai_Son,D,1.52,WS
0.006377879,0.043388776,0.04282026,0.370257735,0.036442381,0.326868959,0.022944348,0.133405687,0.012457281,0.091002723,5.814315941,0.224867449,Thoai_Son,T,2.1,WS
0.00260578,0.014422857,0.146745756,1.513158083,0.144139976,1.498735226,0.034141702,0.225372165,0.034503573,0.371500823,6.601081755,0.190874049,Thoai_Son,T,1.65,WS
0.005768349,0.037789695,0.079440571,0.452024579,0.073672222,0.414234884,0.033929348,0.169978829,0.020903495,0.102986077,5.009787669,0.271500916,Thoai_Son,T,4,WS
0.003996727,0.041445713,0.077026799,0.495265424,0.073030073,0.453819711,0.023889431,0.136926794,0.018713016,0.122569379,5.731689232,0.22902026,Thoai_Son,T,2,WS
0.007924473,0.061895289,0.072722554,0.579247415,0.064798081,0.517352127,0.029835114,0.189025779,0.018974606,0.130033856,6.335681443,0.201325736,Thoai_Son,T,3,WS
0.005772407,0.058233146,0.06202573,0.598579884,0.056253322,0.540346738,0.034755488,0.203362788,0.018588887,0.153029607,5.851242495,0.223051928,Thoai_Son,T,2,WS
0.005769862,0.037489463,0.075625926,0.445854545,0.069856064,0.408365082,0.030062266,0.170616314,0.021668764,0.112530221,5.675430899,0.231921512,Thoai_Son,T,1.5,WS
0.007706,0.021360841,0.115166724,0.47063002,0.107460724,0.449269179,0.031366075,0.142761788,0.028029883,0.121163681,4.551471296,0.305807297,Thoai_Son,T,3,WS
0.009649936,0.045847163,0.121690243,1.043898702,0.112040307,0.998051539,0.048279617,0.220927569,0.037626386,0.238885943,4.576000834,0.30379159,Thoai_Son,T,1.9,WS
0.0029702,0.030254558,0.047905296,0.699600995,0.044935096,0.669346437,0.025722714,0.18084027,0.014831057,0.16997097,7.030372965,0.175774721,Thoai_Son,T,1.78,WS
0.006699324,0.026094532,0.090759195,0.354563653,0.084059872,0.328469122,0.029774479,0.138526629,0.022869094,0.102269736,4.652529107,0.297643073,Thoai_Son,T,2.04,WS
0.00444344,0.0129869,0.080087431,0.338928759,0.075643991,0.325941859,0.029309878,0.102337027,0.018837761,0.102168972,3.491554165,0.42020869,Thoai_Son,T,3,WS
0.00393607,0.035527173,0.079191744,0.426831901,0.075255674,0.391304728,0.037368326,0.143473669,0.022716314,0.120754892,3.839446023,0.375721905,Thoai_Son,T,2.5,WS
0.011013058,0.029320728,0.118984759,0.306124926,0.107971701,0.276804198,0.035004227,0.103368322,0.030548366,0.077056992,2.95302395,0.508939106,Thoai_Son,T,2,WS
0.004889971,0.008773414,0.046031892,0.301870495,0.041141921,0.293097081,0.016411185,0.081595614,0.010740855,0.079343292,4.971951369,0.274085208,Thoai_Son,T,3.5,WS
0.002748298,0.028912742,0.141759738,0.59201616,0.13901144,0.563103419,0.0243269,0.141644798,0.033247148,0.153277119,5.822558575,0.224460064,Thoai_Son,T,5,WS
0.007825323,0.035865474,0.084289812,0.559226751,0.076464488,0.523361277,0.033576862,0.172007188,0.018165034,0.13945733,5.122789251,0.264019512,Thoai_Son,T,1.6,WS
0.007481642,0.038626749,0.092667989,0.371558189,0.085186347,0.33293144,0.040978074,0.162869885,0.023702396,0.099541342,3.97456178,0.36051866,Thoai_Son,T,1.39,WS
0.006098915,0.047380079,0.098031707,0.354696244,0.091932792,0.307316165,0.031260062,0.128377975,0.028108082,0.101487556,4.106772831,0.346609277,Thoai_Son,T,1.85,WS
0.003714879,0.02016349,0.061877444,0.234932676,0.058162565,0.214769186,0.023660369,0.110721775,0.015757846,0.072318956,4.679630144,0.295515257,Thoai_Son,T,2.1,WS
0.008116081,0.023611581,0.07504306,0.417075276,0.066926979,0.393463695,0.033478106,0.165492085,0.020838997,0.097734527,4.943293018,0.27607004,Thoai_Son,T,1.5,WS
0.00294082,0.012319419,0.075349137,0.567439258,0.072408318,0.555119839,0.027707933,0.125103814,0.021651557,0.155467915,4.515090015,0.30883825,Thoai_Son,T,2.3,WS
0.002254159,0.020566657,0.078692675,0.268932164,0.076438515,0.248365507,0.02716017,0.132493059,0.020013989,0.081448723,4.878211707,0.280667519,Thoai_Son,T,1.5,WS
0.006433251,0.020100256,0.089151531,0.526934326,0.08271828,0.506834069,0.031906716,0.145178675,0.024398953,0.13747819,4.550097704,0.30592083,Thoai_Son,T,2,WS
0.003200177,0.011290073,0.05163005,0.395094484,0.048429873,0.383804411,0.016210388,0.134794742,0.013208033,0.127220166,8.315330898,0.140689784,Thoai_Son,T,1.5,WS
0.00459314,0.013761804,0.071431212,0.288057804,0.066838072,0.274296,0.022004351,0.121446232,0.018659074,0.097164688,5.519191736,0.240308626,Thoai_Son,T,2.2,WS
0.002714813,0.013887158,0.074099913,0.272992224,0.0713851,0.259105066,0.019250909,0.122095103,0.01714937,0.09178862,6.342303297,0.201053441,Thoai_Son,T,1.7,WS
0.002419512,0.0102655,0.132003129,0.5903005,0.129583617,0.580035,0.030493414,0.150141275,0.034148051,0.154660387,4.923727945,0.277438887,Thoai_Son,T,2,WS
0.002810807,0.018043289,0.088444181,0.30536902,0.085633374,0.287325731,0.032658246,0.112992311,0.028036871,0.079629403,3.459840181,0.424698813,Thoai_Son,T,1.62,WS
0.004121936,0.016894046,0.094645463,0.36299178,0.090523527,0.346097734,0.025556388,0.123476635,0.022103023,0.107656139,4.831536976,0.284043883,Thoai_Son,T,2.6,WS
0.004818461,0.022479387,0.105410822,0.748491406,0.10059236,0.726012019,0.028182676,0.187007947,0.026990791,0.208037139,6.635563758,0.189582536,Thoai_Son,T,4,WS
0.00457035,0.010566677,0.106153905,0.65295589,0.101583556,0.642389213,0.03485915,0.169942147,0.026862036,0.156570305,4.875108781,0.2808899,Thoai_Son,T,2.1,WS
0.003625255,0.032382321,0.06426961,0.376850605,0.060644355,0.344468284,0.024724312,0.141063807,0.015096177,0.099014492,5.705469351,0.230364853,Thoai_Son,T,1.75,WS
0.004874334,0.01609418,0.073897339,0.477718294,0.069023005,0.461624114,0.023925043,0.137375459,0.021491771,0.130521991,5.741910602,0.228499633,Thoai_Son,T,3.6,WS
0.0033899,0.03636511,0.076734424,0.281964839,0.073344524,0.245599728,0.029969415,0.154263624,0.021671159,0.070919295,5.147368527,0.262437636,Thoai_Son,T,3.5,WS
0.003594724,0.012615029,0.057518903,0.307379127,0.053924179,0.294764098,0.030152908,0.090602859,0.019690583,0.093383092,3.004780177,0.499105054,Thoai_Son,T,6,WS
0.005058564,0.014400238,0.070186689,0.313896298,0.065128126,0.29949606,0.025151177,0.134510909,0.021898289,0.105472579,5.348095932,0.250089103,Thoai_Son,T,4,WS
0.003832221,0.04179756,0.048909854,0.332942784,0.045077633,0.291145224,0.028988613,0.103835025,0.014137868,0.08621177,3.581924627,0.407838368,Thoai_Son,T,3,WS
0.001087114,0.008784642,0.065143995,0.390407085,0.064056881,0.381622443,0.027179324,0.126770105,0.020260506,0.103023502,4.664211131,0.296722747,Thoai_Son,T,6,WS
0.005157132,0.013942,0.084769383,0.604768515,0.079612251,0.590826514,0.028470939,0.150959536,0.023019072,0.159512948,5.302232393,0.252824042,Thoai_Son,T,5,WS
0.003133196,0.018422214,0.050940368,0.2906335,0.047807172,0.272211285,0.020661548,0.121370814,0.014523773,0.080764623,5.874236358,0.221933724,Thoai_Son,T,2.3,WS
0.007456569,0.03490451,0.105110019,0.357420266,0.09765345,0.322515756,0.034531414,0.134689065,0.029037683,0.082032369,3.900479307,0.368724633,Thoai_Son,T,5,WS
0.003855298,0.051010635,0.048848834,0.430566639,0.044993536,0.379556004,0.025058359,0.139287677,0.0144366,0.097324799,5.558531452,0.238149724,Thoai_Son,T,1.5,WS
0.002065474,0.021051105,0.10139741,0.457550555,0.099331936,0.43649945,0.026805271,0.121699225,0.024981266,0.116200303,4.540123001,0.306747393,Thoai_Son,T,3.2,WS
0.006640404,0.041777182,0.05306109,0.47901997,0.046420686,0.437242787,0.023994954,0.14834876,0.011748795,0.150921448,6.182498098,0.207800559,Thoai_Son,T,2.54,WS
0.002337619,0.022367125,0.034302875,0.271066099,0.031965256,0.248698974,0.019675549,0.097719313,0.009550582,0.059115593,4.966535495,0.274458477,Thoai_Son,T,2.3,WS
0.003998187,0.031303927,0.037580103,0.505615175,0.033581916,0.474311247,0.018334486,0.124036888,0.009503923,0.125794448,6.765222939,0.184854105,Thoai_Son,T,2.3,WS
0.003084611,0.01179885,0.057216614,0.243836224,0.054132004,0.232037374,0.026190181,0.101811016,0.016649257,0.072706645,3.887373479,0.370208767,Thoai_Son,T,1.8,WS
0.003258113,0.010112415,0.072887242,0.516693771,0.069629129,0.506581356,0.020531752,0.139677288,0.017798019,0.154353619,6.802989297,0.183513693,Thoai_Son,T,2.67,WS
0.002594339,0.015864147,0.044902842,0.359365076,0.042308503,0.343500929,0.024709601,0.147894518,0.013613933,0.123384107,5.98530577,0.216661557,Thoai_Son,T,4,WS
0.002019499,0.010583057,0.092117213,0.380987018,0.090097714,0.370403961,0.038062388,0.097992479,0.027924677,0.086218005,2.574522609,0.591878983,Thoai_Son,T,2.5,WS
0.006046161,0.041241612,0.053041819,0.667179227,0.046995659,0.625937615,0.026333685,0.177764551,0.015021918,0.173935077,6.750462448,0.185382428,Thoai_Son,T,2,WS
0.010288125,0.019662788,0.091017328,0.533627391,0.080729203,0.513964603,0.033330274,0.208260475,0.025527115,0.152935283,6.248387777,0.204973569,Thoai_Son,T,3.2,WS
0.005036483,0.060115747,0.08243046,0.389370024,0.077393977,0.329254277,0.026506029,0.132656723,0.019334555,0.095209707,5.00477547,0.27184092,Thoai_Son,T,2,WS
0.005042521,0.041046903,0.104698062,0.283376843,0.099655541,0.24232994,0.031809842,0.129628731,0.025591346,0.069286858,4.075113916,0.349857589,Thoai_Son,T,3,WS
0.004443214,0.020482935,0.17525208,0.300978065,0.170808866,0.28049513,0.032958023,0.102841563,0.043400181,0.084179236,3.120380217,0.478248979,Thoai_Son,T,6,WS
0.002995061,0.010164466,0.026828084,0.266974747,0.023833023,0.256810281,0.012739897,0.102004663,0.008017759,0.088981163,8.006710455,0.147982612,Thoai_Son,T,5,WS
0.005444621,0.030536868,0.189296708,0.438210398,0.183852086,0.40767353,0.042420872,0.206258808,0.04962165,0.130865617,4.862201071,0.281818128,Thoai_Son,T,4,WS
0.002208772,0.014699934,0.116242535,0.448852688,0.114033763,0.434152754,0.028187594,0.115633684,0.031396742,0.110338927,4.102289963,0.347066173,Thoai_Son,T,3.2,WS
0.003426117,0.034157235,0.092181236,0.351325184,0.088755118,0.317167949,0.030161235,0.142543208,0.022187943,0.100417512,4.726040104,0.291929789,Thoai_Son,T,3,WS
0.002912351,0.010979626,0.048812483,0.392153621,0.045900132,0.381173994,0.025968695,0.107040116,0.013200941,0.095920947,4.121890485,0.345075844,Thoai_Son,T,3.2,WS
0.003672167,0.05586509,0.118159615,0.507430553,0.114487447,0.451565463,0.035495871,0.157948896,0.03013968,0.116844847,4.449782227,0.314406321,Thoai_Son,T,3.6,WS
0.002245413,0.035250481,0.077869013,0.433540374,0.0756236,0.398289893,0.030505516,0.204716771,0.023579672,0.120484194,6.710811706,0.186814183,Thoai_Son,T,1.65,WS
0.003737319,0.014102373,0.056136943,0.320622265,0.052399624,0.306519892,0.032597452,0.129252433,0.019604008,0.089869591,3.965108525,0.361548757,Thoai_Son,T,1.7,WS
0.003107636,0.007526235,0.059771013,0.372586697,0.056663377,0.365060463,0.026080694,0.135835254,0.017381996,0.108116997,5.20826828,0.258585565,Thoai_Son,T,2.3,WS
0.003695293,0.027580485,0.063039713,0.420720696,0.05934442,0.393140212,0.029781076,0.152735165,0.018238797,0.126061314,5.128597957,0.263644243,Thoai_Son,T,5,WS
0.003762831,0.044820208,0.055597667,0.319754094,0.051834836,0.274933886,0.029950863,0.14575929,0.013448543,0.089195746,4.866614065,0.281500203,Thoai_Son,T,6,WS
0.006229114,0.031489592,0.050577261,0.279521108,0.044348147,0.248031516,0.021994978,0.109878809,0.013818358,0.077995724,4.995631605,0.272463029,Thoai_Son,T,1.26,WS
0.003350715,0.023096066,0.050509393,0.243824869,0.047158679,0.220728803,0.020880763,0.094136699,0.013293464,0.061834638,4.508297952,0.309409651,Thoai_Son,T,9,WS
0.004620392,0.020399466,0.074448317,0.311056972,0.069827925,0.290657505,0.027925667,0.132438344,0.022160409,0.091802141,4.742531107,0.290673177,Thoai_Son,T,4.9,WS
0.004714753,0.032291867,0.066419661,0.319306374,0.061704908,0.287014507,0.031384633,0.144098846,0.017213739,0.077661999,4.591382284,0.302538892,Thoai_Son,T,4,WS
0.004677701,0.013066282,0.052825257,0.275198132,0.048147556,0.262131849,0.023986315,0.12067164,0.015732528,0.079829859,5.030853655,0.270079615,Thoai_Son,T,4.2,WS
0.003044675,0.023377353,0.091295041,0.42912069,0.088250366,0.405743336,0.026571723,0.102034254,0.024896306,0.104225994,3.839956183,0.375662502,Thoai_Son,T,1.72,WS
0.002414183,0.014901062,0.048115935,0.435711443,0.045701752,0.420810381,0.025569595,0.133584394,0.014660283,0.140057058,5.224345385,0.257584346,Thoai_Son,T,7.8,WS
0.003157197,0.02066808,0.080506042,0.22288844,0.077348845,0.20222036,0.026299377,0.093266671,0.022877929,0.056031374,3.546345295,0.412635288,Thoai_Son,T,2,WS
0.003225015,0.017417673,0.114565603,0.401047736,0.111340588,0.383630063,0.036456841,0.144285581,0.030298321,0.121295711,3.957709413,0.362358447,Thoai_Son,T,6.2,WS
0.002705525,0.019068407,0.063609838,0.321706176,0.060904314,0.302637769,0.026320318,0.110303808,0.016636231,0.082969537,4.190823443,0.338224922,Thoai_Son,T,3,WS
0.007355709,0.023012578,0.066386521,0.63994962,0.059030812,0.616937041,0.030397604,0.206015466,0.01848175,0.196849117,6.777358649,0.184421607,Thoai_Son,T,2.3,WS
